,date,content,score,version,thumbs
1,2021-10-02 13:52:35,Estou tentando fazer o reconhecimento facil e n√£o funciona de jeito nenhum. J√° tentei uma reclama√ß√£o no governo federal e falaram que isso foi tirado no app e mesmo assim o problema persiste. √â simplesmente imposs√≠vel fazer funcionar.,1,3.0.0,0
2,2021-10-02 13:33:38,"Aplicativo completamente disfuncional, n√£o consigo logar de forma alguma porque d√° erro de credenciais sendo que no navegador consigo normalmente.",1,3.0.0,0
5,2021-10-02 13:11:45,Parem de dificultar com esse negocio de reconhecimento facial. Facilitem. Nota zero,1,3.0.0,0
8,2021-10-02 12:40:08,deu um trabalho pra trocar a senha,1,3.0.0,0
9,2021-10-02 12:30:54,Horrivel mais facil ganhar na mega sena do que conseguir fazer o reconhecimento facial,1,3.0.0,0
10,2021-10-02 12:10:35,Estou tentando fazer a recupera√ß√£o da minha senha mais n√£o estou conseguindo esta com um email e um n√∫mero de telefone que n√£o conhe√ßo e que n√£o fui eu que cadastrei. Como n√£o tem onde fazer reclama√ß√µes ou pedir algum suporte estou vindo deixa minha indigna√ß√£o aqui.,1,3.0.0,0
11,2021-10-02 11:17:07,"Problemas relatados por v√°rias pessoas em rela√ß√£o ao cadastro de CEP para cidades pequenas que t√™m apenas um CEP. O campo bairro fica em branco e n√£o pode ser editado, mas ocorre erro e n√£o conclui.",1,3.0.0,0
12,2021-10-02 11:10:19,"UM LIXO! Tanto esse quanto o do Meu INSS! Voc√™ n√£o consegue recuperar uma senha! N√£o consegue acessar o app! Como to vendo que n√£o sou o √∫nico com dificuldade se acesso aqui,come√ßando achar que o governo faz isso de prop√≥sito pra n√£o deixar termos a acesso ao nosso pr√≥prio dinheiro e saber o que esta acontecendo kkkk",1,3.0.0,0
13,2021-10-02 11:04:46,boa,1,3.0.0,0
16,2021-10-02 10:35:44,"ERRO. n√£o foi autorizado seu acesso verifique suas credenciais e tente novamente. Ap√≥s a √∫ltima atualiza√ß√£o o app ficou assim, in√∫til",1,3.0.0,0
17,2021-10-02 10:33:20,Olha para ficar ruim tem que melhorar muito. Ponho minha senha da erro ponho esqueci minha senha mesmo eu sabendo que minha senha est√° correta mesmo assim n√£o funciona lamentavel. Como disse no inicio pra ficar ruim tem que melhorar muito desisto !!! Acho que o governo devia ser 100% privatizado dando espa√ßo a profissionais capacitados.,1,3.0.0,0
18,2021-10-02 10:22:55,N√£o consigo fazer o reconhecimento facial s√≥ aparece internor server error,1,3.0.0,0
19,2021-10-02 10:22:48,O aplicativo parou do nada e fala que minhas credenciais s√£o inv√°lidas. Estava tudo certo de repente deu erro,1,3.0.0,0
20,2021-10-02 10:13:27,Reconhecimento facial √© p√©ssimo e obrigat√≥rio,1,3.0.0,0
21,2021-10-02 09:53:15,"Estou tentando fazer a recupera√ß√£o de senha, e mesmo seguindo o passo-a-passo aparece um bot√£o ""ir para gov.br"", sendo que eu j√° estou usando o aplicativo para tentar alterar a senha.",1,3.0.0,0
22,2021-10-02 09:51:20,Esse aplicativo Simplesmente horr√≠vel ele traz a fun√ß√£o de infernizar a vida das pessoas j√° tem mais de m√™s que baixei e n√£o consigo me cadastrar porque ele n√£o me d√° op√ß√£o de cadastro √â como se eu tivesse feito o cadastro antes mas eu nunca me cadastrei estou precisando fazer o cadastro para entrar na carteira digital para dar entrada no seguro desemprego mas n√£o consigo,1,3.0.0,0
23,2021-10-02 09:41:47,Estou tentando me cadastrar no app mas conta que o CPF j√° est√° cadastrado e o email para recupera√ß√£o de conta n√£o √© do meu conhecimento. Tento entrar em contato com o suporte mas nada de conseguir.,1,3.0.0,0
24,2021-10-02 09:07:58,"Um lixo, n√£o √© de se esperar. Tudo mal otimizado, n√£o consigo fazer o long, √© sempre volta para o in√≠cio, n√£o dando possibilidade de mais nada.",1,3.0.0,0
25,2021-10-02 08:53:15,travando muito,1,3.0.0,0
26,2021-10-02 08:51:48,Dif√≠cil demais em cadastramento facial E o campo de bairro na parte de endere√ßo est√° com bug que n√£o permite editar...,1,3.0.0,0
28,2021-10-02 08:46:46,bom,1,3.0.0,0
30,2021-10-02 07:46:58,"O app n√£o est√° funcionando. D√° erro na hora de fazer o cadastro e n√£o permite faz√™-lo nem por reconhecimento facial, nem pelo banco. O pior √© que n√£o tem outra forma de conseguir o comprovante da vacina√ß√£o da covid.",1,3.0.0,0
31,2021-10-02 07:39:55,p√©ssimo,1,3.0.0,0
32,2021-10-02 07:36:34,"Fico torcendo para que um dia esse aplicativo, realmente cumpra com seu objetivo. Vai ajudar muita gente. At√© o presente momento, eu n√£o consigo acess√°-lo. Mas tenho esperan√ßa que vai melhorar, a tecnologia est√° a√≠ pra isso, n√© verdade?",1,3.0.0,0
35,2021-10-02 06:55:03,Aplicativo sempre indispon√≠vel,1,3.0.0,0
38,2021-10-02 06:08:43,Horr√≠vel! Mais f√°cil uma prova de medicina do que se cadastrar nessa jossa,1,3.0.0,0
39,2021-10-02 05:48:58,"N√£o estou conseguindo entrar na minha conta, Quando eu tento entrar aparece uma mensagem de erro falando que n√£o foi poss√≠vel autorizar meu acesso e manda eu verificar as minhas credenciais e tentar mais tarde .",1,3.0.0,2
40,2021-10-02 01:35:57,horr√≠vel n√£o consegue completar o reconhecimento facial,1,3.0.0,0
41,2021-10-02 00:13:28,"N√£o mim lembro de ter feito cadastro, e n√£o consigo ter acesso, quando vou tentar recuperar, tem um e-mail que n√£o √© meu, e n√£o consigo, entrar em contato com o suporte .",1,3.0.0,0
42,2021-10-01 23:38:08,"P√©ssimo aplicativo, tentando horrores pra fazer meu cadastro ,n√£o d√°, muito lento servidor,coloca na c√¢mera pra reconhecimento facial.trava muito horr√≠vel",1,3.0.0,0
43,2021-10-01 22:51:02,"Eu n√£o ativei meu reconhecimento facial, e tamb√©m n√£o tenho nenhuma conta banc√°ria credenciada, preciso do meu CIV o mais r√°pido poss√≠vel, o que fa√ßo agora???",1,3.0.0,0
44,2021-10-01 22:45:44,"Horr√≠vel! Acesso o gov.br pelo navegador Chrome com meu usu√°rio e senha que tenho a tempos, d√° tudo certo. Quando vou na op√ß√£o app gov.br ""NOVO"", informa que minhas credenciais est√£o erradas. Ent√£o deixa eu acessar pelo Chrome mesmo que tudo certo.",1,3.0.0,0
45,2021-10-01 22:20:36,"Nada funciona. Imposs√≠vel criar uma conta. Se tenta o reconhecimento facial, aparece mensagem de erro interno no servidor. Se tenta pelo banco quando vai cadastrar a senha d√° a mesma mensagem de erro. 4 dias tentando e nada.",1,3.0.0,0
46,2021-10-01 22:14:31,"O que acontece com esse aplicativo,pois esqueci a senha ,n√£o consigo mais ter acesso. Uma dificuldade gigantesca ,pra que isso? Vamos l√° em (esqueci senha)por√©m n√£o √© poss√≠vel refazer. Precisamos de aplicativos com mais acessibilidade...ajude_nos por favor.",1,3.0.0,0
47,2021-10-01 21:55:17,"se pudesse nem dava estrelas , namoral",1,3.0.0,0
48,2021-10-01 21:15:43,Tinha que ser essa gest√£o.,1,3.0.0,0
51,2021-10-01 20:41:23,Horr√≠vel,1,3.0.0,0
53,2021-10-01 20:27:06,N√£o consigo criar a senha. N√£o aparece essa op√ß√£o.,1,3.0.0,0
54,2021-10-01 20:16:46,Triste,1,3.0.0,0
55,2021-10-01 19:59:35,N√£o consigo acessar o sistema via smartphone. J√° possuo acesso cadastrado via PC,1,3.0.0,0
56,2021-10-01 19:54:42,dif√≠cil...,1,3.0.0,0
57,2021-10-01 19:50:46,Dif√≠cil cadastro facial üëé,1,3.0.0,0
58,2021-10-01 19:45:11,"Os profissionais que trabalham com o desenvolvimento desses aplicativos do governo, deveriam ter mais respeito com os usu√°rios, fazem dois dias que tento entrar nesse aplicativo e n√£o consigo j√° tentei de tudo, at√© j√° formatei meu celular, e continua dando erro consigo entrar pelo site mais pelo aplicativo s√≥ dor de cabe√ßa üòî precisa entrar pra assessa minha CNH digital, vou desisti nenhum cidad√£o merece passar por tanta dor de cabe√ßa s√≥ pra assessa um app realmente √© vergonhoso.",1,3.0.0,0
59,2021-10-01 19:41:04,"Minha experi√™ncia com o aplicativo at√© o momento √© horr√≠vel, o app n√£o faz a leitura biometria de forma nenhuma, e eu tentei em muitos celulares diferentes. Na conta da minha m√£e o app informa que o usu√°rio cancelou a leitura e n√£o procegui de forma alguma ! Enfim at√© o momento est√° horr√≠vel. Preciso liberar o cadastro de um CNPJ e n√£o consigo de nenhuma forma",1,3.0.0,0
60,2021-10-01 19:31:33,um lixo,1,3.0.0,0
62,2021-10-01 19:14:16,"Nossa, o que seria para facilitar.... √© para desistir ... porque estou 30 minutos tentando acessar e o App ou redireciona ou sai do ar.",1,3.0.0,0
63,2021-10-01 19:12:53,Aplicativo √© muito burocr√°tico para fazer coisas simples como baixar um simples documento,1,2.2.0,0
65,2021-10-01 18:22:36,impostos = ricos mais ricos,1,3.0.0,0
66,2021-10-01 17:41:42,O dia que eu conseguir fazer o login (j√° que o app sempre d√° erro) eu vejo se melhoro a avalia√ß√£o...,1,3.0.0,0
69,2021-10-01 17:18:03,"Pura mentira fala que pode acessar sem CPF ou senha., mentira. Desinstalando. No site da JUCESP, fala para baixar o APP, podendo acessar sem o CPF E SENHA, ent√£o devem questionar com eles. Por em quanto minha avalia√ß√£o n√£o muda e continuo a dar 1 estrela.",1,2.2.0,0
70,2021-10-01 17:15:59,"Aplicativo horr√≠vel, n√£o serve para nada",1,3.0.0,0
71,2021-10-01 17:06:43,Valida√ß√£o rid√≠cula. 2 dias tentando e n√£o vai. S√≥ serve pra atrasar o cidad√£o.,1,3.0.0,0
72,2021-10-01 17:06:38,"Fiz o cadastro com meu cpf e uma senha. Na hora de logar, n√£o entrou no sistema. Apareceu a mensagem: ""N√£o foi poss√≠vel autorizar seu acesso. Verifique suas credenciais e tente novamente"". N√£o sei como fazer isso, j√° que n√£o entra no sistema. Voc√™s poderiam me ajudar? Obrigada!",1,3.0.0,0
73,2021-10-01 16:57:09,Muita burocracia pra pouco servi√ßo,1,3.0.0,0
74,2021-10-01 16:33:04,Muito complicado!,1,3.0.0,0
75,2021-10-01 16:14:30,"N√£o consigo fazer meu cadastro, p√©ssimo app",1,3.0.0,0
77,2021-10-01 16:11:07,"S√≥ consigo acessar pelo navegador. Baixei o aplicativo no celular tive que refazer a senha varias vezes, mais mesmo assim da erro ao colocar a nova senha e n√£o entra!! O QUE EU FA√áO??????",1,3.0.0,0
78,2021-10-01 16:00:02,"Precisei fazer uma carteira de trabalho online.. entrei no aplicativo me pediu para fazer cadastro neste...o que me pareceu que seria simples,o problema √© que eu n√£o consigo me cadastrar deviam verificar a funcionalidade do App que ao meu ver foi horr√≠vel... obs: s√≥ dei uma estrela porque n√£o tem como n√£o dar nenhuma.",1,3.0.0,0
79,2021-10-01 15:59:24,"N√£o √© poss√≠vel criar nova conta nem no aplicativo nem no site deste servi√ßo. Decep√ß√£o esse servi√ßo do governo, vou desinstalar este app com louvor.",1,3.0.0,0
80,2021-10-01 15:54:20,"Pior imposs√≠vel, uma engana√ß√£o!",1,3.0.0,0
81,2021-10-01 15:42:29,"Poxa vida, o que esta acontecendo com o aplicativo? Em plena pandemia o app digital deveria ser mais f√°cil de utilizar... √© uma pena, espero que melhore.",1,3.0.0,0
82,2021-10-01 15:41:24,horr√≠vel,1,3.0.0,0
83,2021-10-01 15:30:32,Nada intuitivo,1,3.0.0,0
86,2021-10-01 15:11:56,bem ruim,1,3.0.0,0
87,2021-10-01 14:58:38,"O aplicativo n√£o reconhece meu CPF para dar in√≠cio ao cadastro, eu em outro momento entrei no aplicativo meu INSS com os dados da minha m√£e por√©m esse linck GOV.BR na aceita eu entrar com meu cpf que dificuldade poxaaaaaa.",1,3.0.0,0
88,2021-10-01 14:56:55,oi boa tarde eu estou tentando fazer uma minha carteira de trabalho digital como fa√ßo,1,3.0.0,0
89,2021-10-01 14:52:30,ok,1,3.0.0,0
91,2021-10-01 14:30:37,"Demorado e in√∫til! Fiz tudo que pedia no passo a passo, v√°riaaas vezes. Chega na hora do reconhecimento facial, d√° pane e volta pro in√≠cio.",1,3.0.0,0
92,2021-10-01 14:25:45,ruim,1,3.0.0,0
94,2021-10-01 13:58:45,N√£o consigo me cadastrar.,1,3.0.0,0
95,2021-10-01 13:58:42,Inacredit√°vel tamanho da inutilidade.,1,3.0.0,0
96,2021-10-01 13:40:00,"App dif√≠cil de acessar nao se consegue acessar nada nenhum servi√ßo estou tentando atualizar meus dados inclusive fazer a validacao voc√™s enviam os c√≥digos para o antigo telefone que nem tenho mais, estou tentando a meses acessar sites simples da sa√∫de por exemplo e nao tenho acesso, quero atualizar meus dados e nunca consigo resolvam isso ficou pior unificando tudo.Nao se consegue entrar pra tirar carteira vacina digital, ter acesso aos meus dados, atualizar os dados nada se consegue pq isso?",1,3.0.0,0
97,2021-10-01 13:29:16,Lixo,1,3.0.0,0
98,2021-10-01 13:20:00,N√£o funciona Coisa normal,1,3.0.0,0
99,2021-10-01 13:09:05,Ao consigo abrir o app pq o reconhecimento facial n√£o funciona. E agora?,1,3.0.0,0
100,2021-10-01 13:08:06,"Muito enrolado, n√£o tem campo para fazer o cadastro de forma f√°cil e √°gil.",1,3.0.0,0
102,2021-10-01 12:51:01,√≥timo,1,3.0.0,0
103,2021-10-01 12:47:20,N√£o o consigo abrir nada do fica aparecendo bronze ouro. Prata e nada,1,3.0.0,0
104,2021-10-01 12:26:50,O aplicativo e um lixo transtorno total tem serventia de nada tem que melhorar MT ainda e ser Ms pr√°tico e objetivo Ms f√°cil pra todos usu√°rios,1,3.0.0,0
105,2021-10-01 12:23:11,"√â dif√≠cil o reconhecimento facial,deveria ter mais outra coisa para acessar o potal do governo, eu n√£o consegui,poderia ter senhas.",1,3.0.0,0
107,2021-10-01 11:02:59,p√©ssimo,1,3.0.0,0
111,2021-10-01 10:34:14,"Exclu√≠ram minha resenha pela segunda vez, ent√£o eu repito, p√©ssimo servi√ßo.",1,3.0.0,0
112,2021-10-01 10:34:11,"Est√° cada dia pior, agora, cada acesso tenho que fazer cadastro, tirar foto , que leve um bom tempo para conseguir. O que est√° acontecendo?",1,3.0.0,0
114,2021-10-01 10:11:01,Esse app √± abre quero fazer minha carteira de trabalho mais √± consigo pq o app √± abre de jeito nei um que app ruim s√≥ √± dou 0 de estrelas pq √± da mesmo,1,3.0.0,0
115,2021-10-01 10:08:13,p√©ssimo aplicativo,1,3.0.0,0
116,2021-10-01 10:00:13,"o e-mail cadastrado n√£o √© o meu ,falam que √© pra entrar no portal de servi√ßos e atendimento faz 5 dias e n√£o consigo atualizar",1,3.0.0,0
117,2021-10-01 09:48:30,"O aplicativo √© p√©ssimo, n√£o estou conseguindo recuperar minha minha senha, n√£o sei mais o que fazer",1,3.0.0,0
118,2021-10-01 09:40:14,"Como vou fazer a prova de vida para recadastrar como pescador, se n√£o tem essa op√ß√£o",1,3.0.0,0
119,2021-10-01 09:26:27,"Voc√™s excluiram os dados dos participantes do encceja 2019 fui lezado pelo seu gov.br e agora oque eu fa√ßo ""gov.br "" vou te que estudar onde estava precisando do resultado pois tinha passado Esse aplicativo e sem d√∫vidas sem utilidade pois t√¥ com ""2horas"" marcando IDRANTE ZERO ESTRELA",1,3.0.0,0
120,2021-10-01 08:59:35,n√£o gostei de ter que usar reconhecimento facial,1,3.0.0,0
121,2021-10-01 08:53:39,√ë consigo atualizar o app,1,2.2.0,0
122,2021-10-01 08:25:23,muito complicado,1,3.0.0,0
123,2021-10-01 07:50:35,pede muitos dados,1,3.0.0,0
124,2021-10-01 06:17:07,Porque nao consigo cadastra senha da impossivel deveria ser mais facil diz que nao abre link,1,3.0.0,0
125,2021-10-01 01:03:18,Passa o tempo e nada muda nesse app agora querem saber at√© o que eu como aff.,1,3.0.0,0
126,2021-10-01 00:38:33,precisa melhorar a burocracia demora muito e demanda de muito tempo para resolver coisas simples.,1,3.0.0,0
127,2021-09-30 23:52:46,"Perdi meu tempo baixando esse app horr√≠vel, nem conseguir entrar consigo.",1,3.0.0,0
128,2021-09-30 23:41:40,App horr√≠vel. N√£o presta. Da nem a op√ß√£o da verifica√ß√£o facial,1,3.0.0,0
130,2021-09-30 22:48:53,N√£o ta fazendo reconhecimento facial ta dando erro n√£o consigo fazer o cadastro,1,3.0.0,0
131,2021-09-30 22:37:14,"N√£o conseguir entender o aplicativo, entro no INEP e ele manda eu entrar no Gov.br mas n√£o vejo nenhuma informa√ß√£o a qual eu preciso. N√£o gostei!",1,3.0.0,0
133,2021-09-30 21:59:58,Rapido,1,3.0.0,0
134,2021-09-30 21:58:29,"App simplesmente n√£o abre a camera no reconhecimento facial, ai fica dif√≠cil",1,3.0.0,0
135,2021-09-30 21:52:00,muita enrola√ß√£o pra abrir,1,3.0.0,0
136,2021-09-30 21:47:06,Horr√≠vel. N√£o d√° para ver a nota anterior ...,1,3.0.0,0
138,2021-09-30 21:06:11,Pedem at√© a conta E SENHA do banco. KKKKKKKKKKKKKKKKK S√≥ pode ser uma piada. Super invasivo ambos os m√©todos de criar uma conta.,1,3.0.0,0
140,2021-09-30 20:19:09,A p√°gina s√≥ fica fora nunca t√° dispon√≠vel,1,3.0.0,0
142,2021-09-30 19:19:11,bom,1,3.0.0,0
143,2021-09-30 19:06:38,"Por favor nos ajude tenho at√© o dia 01 /10/2021 Para recuperar minha senha, aplicativo tento entrar mostra que h√° foi feito uma conta com meu CPF coisa que n√£o aconteceu, e infelizmente n√£o consigo recuperar a senha irei perder minha vaga de emprego por qu√™ n√£o vou conseguir entrar no aplicativo .",1,3.0.0,0
145,2021-09-30 18:45:05,muito bom,1,3.0.0,0
146,2021-09-30 18:12:51,"O reconhecimento facial n√£o funciona, sem ele vc o app prativamente nao tem funcao nenhuma. Fiz todo o procedimento da maneira correta e n√£o funcionou.",1,3.0.0,0
147,2021-09-30 18:04:38,Queria pedir pelo amor de deus meu filho n√£o consegui mais acessar a conta dele e ai ele prescisa urgente tira o certificado do alistamento mais pra isso prescisa do acesso ningu√©m consegue ajudar,1,3.0.0,0
148,2021-09-30 17:59:12,muita burocracia,1,3.0.0,0
149,2021-09-30 17:43:08,Aplicativo lixo... Reconhecimento facial sempre dando ERRO NA P√ÅGINA!!!! Quem sabe escrevendo em caixa alta ajude a interpretarem!!!!!!,1,3.0.0,0
150,2021-09-30 17:05:41,"N√£o consigo me logar pelo APP, s√≥ pelo computador.",1,3.0.0,0
151,2021-09-30 16:09:15,"Aplicativo gov.br p√©ssimo para acesso, revalidar senha, cadastrar senha biom√©trica piorou! Muito fraco precisa melhorar muito em rela√ß√£o a outros Apps!",1,3.0.0,0
152,2021-09-30 15:49:14,"N√£o estou conseguindo mim cadastrar no app , coloco meu CPF e pede a senha como se eu tivesse cadastro feito . deveria ter a op√ß√£o de se cadastrar ,falta de organiza√ß√£o isso .",1,3.0.0,0
153,2021-09-30 15:47:56,"A pior experiencia que ja tive com um aplicativo. S√≥ tem op√ß√µes limitadas e nenhuma delas funciona. Se voc√™ quer se estressar, baixe esse app e tente se cadastrar. √â infal√≠vel.",1,3.0.0,0
154,2021-09-30 15:43:03,"N√£o consigo acessar minha conta , n√£o tenho mais o n√∫mero antigo. Muito chato isso.",1,3.0.0,0
155,2021-09-30 15:10:44,Coloquei uma mas e zerooo fiquei 2 horas p acessar e nao bai o login toda hora marcando quadro e coisa e tal e libera acesso ta muito ruim desinstalando...,1,3.0.0,0
157,2021-09-30 14:28:51,N√£o consigo acessar. J√° troquei at√© a senha. Vou deletar.,1,3.0.0,0
158,2021-09-30 14:22:54,"me ajuda vey, preciso fazer o reconhecimento facial mas quando vou fazer login fala que n√£o tem reconhecimento facial????? Claro eu quero me logar para fazer esse neg√≥cio... me ajudem por favor",1,3.0.0,0
159,2021-09-30 14:18:18,O aplicativo n√£o envia o email de atualiza√ß√£o do cadastro desde ontem estou tentando,1,3.0.0,0
160,2021-09-30 14:01:00,muito bom,1,3.0.0,0
161,2021-09-30 13:42:13,horr√≠vel de usar e nada intuitivo!!!,1,3.0.0,0
162,2021-09-30 13:21:22,bom,1,3.0.0,0
163,2021-09-30 12:50:44,muito obrigado,1,3.0.0,0
164,2021-09-30 12:50:17,Muita burocracia,1,3.0.0,0
165,2021-09-30 12:17:27,Um sacrif√≠cio danado pra conseguir fazer login... S√≥ consegui vinculando com o Banco do Brasil,1,3.0.0,0
166,2021-09-30 12:07:25,"horr√≠vel, n√£o consigo me cadastrar, da defeito sempre",1,3.0.0,0
167,2021-09-30 11:28:19,perfeito,1,3.0.0,0
168,2021-09-30 11:19:54,"P√©ssimo. Acabei de instalar e sai. Agora n√£o consigo entrar novamente, pois aparece uma mensagem de erro",1,3.0.0,0
169,2021-09-30 11:03:34,Triste.. pois nao aparece op√ß√£o pra gente criar a conta.. coloko o cpf.. clico em continuar . Mas nao possuo senha.. e tbm nao da a op√ß√£o pra criar conta.. e se digito uma senha.. dao qe os dados est√£o invalidos,1,3.0.0,0
170,2021-09-30 10:17:07,site dif√≠cil demais pra recuperar senha da entrada no seguro passando raiva,1,3.0.0,0
171,2021-09-30 10:12:55,"Excesso de obst√°culos pra quem realmente, de fato, precisa. Como tudo que vem da parte de voc√™s...",1,3.0.0,0
172,2021-09-30 09:49:48,ruim,1,3.0.0,0
173,2021-09-30 09:48:07,"Horr√≠vel.. Pra fazer um cadastro √© frustrante. N√£o aparece a op√ß√£o criar conta, horrivel ! Estou a uma semana tentando criar uma conta tanto no app, quanto no site e nenhum dos dois aparece a op√ß√£o criar conta. Poderiam inventar um site e app que funcione pra evitar esses tipos de trastorno",1,3.0.0,1
174,2021-09-30 09:30:36,Dois dias tentando criar a conta e consta um erro que o sistema est√° indispon√≠vel no momento.,1,3.0.0,0
175,2021-09-30 09:26:57,N√£o consigo terminar o cadastro pois diz que o servi√ßo n√£o est√° dispon√≠vel!,1,3.0.0,0
178,2021-09-30 08:20:26,"Infelizmente estou dando 1 estrela porque n√£o consigo fazer o reconhecimento facial. J√° tentei de todas as formas , local bem iluminado, j√° pedi pra outra pessoa bater a foto e mesmo assim o erro persiste.",1,3.0.0,1
179,2021-09-30 08:03:15,toda hora pede para clicar nas imagens,1,3.0.0,0
180,2021-09-30 08:00:09,Um APP t√£o in√∫til quanto o governo.,1,3.0.0,0
181,2021-09-30 07:58:30,N√£o consigo cadastrar...fica dando erro erl0023300...,1,3.0.0,0
182,2021-09-30 07:48:27,E imprecionante que assim como qualquer coisa do governo esse aplicativo n√£o funciona. Tentei de tudo para aumentar de n√≠vel e √© simplismente imposs√≠vel. IMPOSS√çVEL. N√£o reconhece o esquema facial e n√£o tem nada que eu consiga fazer para mudar isso. √â t√£o dif√≠cil assim fazer um programa acess√≠vel e f√°cil de manusear?,1,3.0.0,0
184,2021-09-29 23:49:55,bom,1,3.0.0,0
185,2021-09-29 23:43:06,"√â imposs√≠vel fazer o reconhecimento facial, n√£o h√° desculpa, ilumina√ß√£o, movimento correto e na velocidade correta, posicionamento,tudo como pediu, simplesmente n√£o faz, sendo assim n√£o consigo aumentar o n√≠vel, onde seria poss√≠vel eu adicionar outros documentos, como minha CHT/ANAC.",1,3.0.0,0
186,2021-09-29 23:42:52,Simplesmente n√£o consigo fazer o cadastro,1,3.0.0,0
188,2021-09-29 23:28:00,"Bugs , n√£o consigo me cadastrar",1,3.0.0,0
189,2021-09-29 23:16:59,Um lixo n√£o reconhece o rosto e j√° fui no gov.br/conta e n√£o tem a op√ß√£o por que n√£o reconhece meu rosto e nO faz nada n√£o passa,1,3.0.0,0
190,2021-09-29 23:12:08,Preciso dar entrada no meu seguro desemprego e n√£o consigo porque diz que a biometria facial n√£o me reconhece. Deixei de ser eu ent√£o e n√£o t√¥ sabendo. P√©ssimo como tudo nesse (des)governo,1,3.0.0,0
191,2021-09-29 23:06:32,N√£o consigo cadastrar uma senha pra minha conta de jeito nenhum pq sempre d√° erro. App horr√≠vel que n√£o funciona para o b√°sico,1,3.0.0,0
192,2021-09-29 23:02:24,"Rid√≠culo ter que todas as vezes que acessar o aplicativo fazer de novo o cadastro para reconhecimento facial! Podem consertar esse bug? Tenho senha, tenho impress√£o digital, mas toda vez que entrar ter que fazer reconhecimento facial j√° deu n√©! üò°üò°üò°",1,3.0.0,0
193,2021-09-29 22:39:27,"Por favor ,n√£o estou conseguindo acessar minha conta o meu telefone n√£o √© o mesmo a tempos ,e o meu e-mail tamb√©m n√£o tenho mais acesso e preciso recuperar minha conta por favor me ajudem.",1,3.0.0,0
194,2021-09-29 22:09:25,Tem algu√©m usando o APP com meu CPF e n tem op√ß√µes para reclamar e reaver meu cpf,1,3.0.0,0
195,2021-09-29 20:36:22,"Infelizmente n√£o consigo acesso ao meu cart√£o nacional de sa√∫de, porque n√£o importa o e-mail que eu coloque pra atualizar o cadastro, ele continua dando erro. √â muita dificuldade pra tomar uma vacina que, em tese, pode salvar minha vida em meio a pandemia.",1,3.0.0,0
196,2021-09-29 20:28:51,Nn consigo acessar minha conta da esse erro!! microsvc.httpclient.Oauth2ClientCredentialsAuthenticator.ErrorAuthenticate.CLIENTCREDENTIALSFLOW_REQUESTTOKEN_RESPONSE_MUSTBESUCCESSFUL,1,3.0.0,0
197,2021-09-29 20:27:41,"Horr√≠vel, o Aplicativo n√£o consegui fazer o reconhecimento facial...",1,3.0.0,0
198,2021-09-29 20:20:07,"Um lixo, tanto o site como o app, n√£o merecia nem 1 estrela",1,3.0.0,0
0,2021-10-02 11:55:43,Nao consigo acessar o app Ja desinstalei...limpei cache e nada...por favor me ajudem,2,3.0.0,0
1,2021-10-02 11:05:19,erro nao foi poss√≠vel autorizar o seu acesso verifique suas credenciais tente novamante. ( tentei varias vezes e nada),2,3.0.0,0
2,2021-10-02 01:15:29,N√£o sei que ouve. N√£o tenho mas acesso. Coloco a senha mas o c√≥digo de acesso n√£o chega via SMS. Uma palha√ßada isso nossa e n√£o tem nenhum genro de entra sem o c√≥digo. Brincadeira,2,2.2.0,0
3,2021-10-01 23:24:32,"Agora o app est√° come√ßando a evoluir, espero que melhore em breve. Nota 5,00.",2,3.0.0,0
4,2021-10-01 20:18:39,App com problema na 2FA. N√£o recebo o c√≥digo de jeito nenhum. Tive q entrar pelo computador com token pra poder desabilitar a fun√ß√£o. Detalhe o token vence em 2 dias. Se estivesse vencido nunca mais eu iria acessar. Escrevi outra resenha e quem respondeu n√£o leu direito a mensagem e responde padr√£o.,2,3.0.0,0
6,2021-10-01 18:12:01,n√£o gostei,2,3.0.0,0
7,2021-10-01 13:32:02,ok,2,3.0.0,0
8,2021-10-01 12:18:47,SIMPLESMENTE HORR√çVEL N√ÉO CONSIGO RECUPERAR MINHA MINHA NEM POR UM DECRETO MUITO COMPLICADO..,2,3.0.0,0
10,2021-10-01 09:35:21,n√£o consigo realizar o reconhecimento facial. J√° tentei diversas vezes seguindo as instru√ß√µes. Aparece que ‚ÄúUm erro ‚ÄúNao foi possivel validar sua foto com os dados informados‚Äù. Alguma sugest√£o de como resolver?,2,3.0.0,0
12,2021-10-01 00:31:22,muito bom,2,3.0.0,0
15,2021-09-30 15:36:37,"Os outros APPs deveriam estar conectados nesse APP. At√© agora apenas o CPF e o Certificado de Dispensa Militar est√£o presentes. √â preciso outro APP para ver o certificado de vacina√ß√£o, outro app para ver titulo de eleitor, outro app para Carteira de trabalho, outro app para a carteira de transito, sempre outro app. Todos esses documentos oficiais deveriam estar dispon√≠veis neste APP. Antes era um milh√£o de documentos em papel, agora um milh√£o APPs oficiais de documentos digitais. Favor acabar com essa multiplica√ß√£o de apps e concentrar tudo neste app. Depois da resposta do GovBR retirei outra estrela.",2,3.0.0,0
16,2021-09-30 15:15:49,Nao consigo fazer loggin de jeito nenhum e meu telefone esta incorreto,2,3.0.0,0
17,2021-09-30 15:12:19,Dif√≠cil. Confuso.,2,3.0.0,0
18,2021-09-30 12:28:08,Ruim,2,3.0.0,0
19,2021-09-30 10:58:42,ok,2,3.0.0,0
21,2021-09-30 04:22:14,"T√¥ tentando a 2 dias fazer o cadastro bda carteira de trabalho digital e ainda n√£o consegui.At√© no formato digital √© pura burocracia.Santo Deus,vou desistir.",2,3.0.0,0
22,2021-09-29 17:47:33,"muito complicado de acessar, n√£o encontro as informa√ß√µes que quero diretamente.",2,3.0.0,0
23,2021-09-29 12:31:09,ok!,2,3.0.0,0
24,2021-09-29 11:46:29,"Horr√≠vel, n√£o funciona, s√≥ d√° erro no acesso.",2,3.0.0,0
25,2021-09-29 10:56:07,ok,2,3.0.0,0
26,2021-09-29 10:37:39,"N√£o estou conseguindo visualizar a dada de pagamento, depois que atualizou",2,3.0.0,0
27,2021-09-29 10:34:34,√© um pouco dif√≠cil de lidar mas tentei conseguir quero ver daqui para frente como √© que vai ser por causa que tinha tentado v√°rias vezes fazer minha carteira digital e n√£o estava dando certo ela tava pedindo para atualizar atualizar n√£o sei o que voc√™ quer esperar guardar e agora,2,3.0.0,0
28,2021-09-29 10:18:18,bom,2,3.0.0,0
29,2021-09-29 10:13:05,N√£o consigo fazer o reconhecimento f√°cil,2,3.0.0,0
30,2021-09-29 09:03:18,ok,2,3.0.0,0
31,2021-09-28 22:45:03,Mano custa vcs colocarem uma op√ß√£o para criar conta depois de colocar o CPF fica pedindo senha sem q n tem conta pra pedir senha nao e por que e um app do governo q vcs nao v√£o fazer. Direito,2,3.0.0,0
32,2021-09-28 21:24:18,"N√£o lembro minha senha, a √∫nica forma de recuperar e em um n√∫mero de telefone que n√£o tenho mais acesso! As outras op√ß√µes n√£o d√° tamb√©m! Pois n√£o tenho o que √© necess√°rio, o que pede l√°. Me ajudem trocar a senhar e ter acesso . Preciso muito.",2,3.0.0,0
33,2021-09-28 21:01:34,Um horror. N√£o consegui recriar a senha. P√©ssimo.,2,3.0.0,0
34,2021-09-28 20:22:25,bom,2,3.0.0,0
35,2021-09-28 19:00:54,reconhecimento sofr√≠vel,2,3.0.0,0
36,2021-09-28 18:28:33,Fui bloqueada antes mesmo de entrar e quando vou cadastrar j√° diz que estou cadastrada mais nunca tinha tentando acessar esse portal! E n√£o consiga fazer outra senha pq n√£o conclui o cadastro de redefinir outra senha.,2,3.0.0,0
37,2021-09-28 17:33:43,Preciso trocar meu e-mail para continuar e n√£o consigo. N√£o tem nenhuma op√ß√£o,2,3.0.0,0
38,2021-09-28 17:18:51,Experi√™ncia,2,2.2.0,0
39,2021-09-28 16:56:34,N√£o consigo dizer meu endere√ßo pq sempre d√° erro,2,3.0.0,0
40,2021-09-28 15:33:04,N√£o consigo entrar na conta de jeito nenhum.Quero saber do MEI.J√° tentei todas as formas e nada.Preciso de ajuda.Ficam complicando as coisas.,2,3.0.0,0
41,2021-09-28 14:05:10,Eu j√° usei isso j√° muito tops n√£o sei Quantas vezes Eu tento fazer um usu√°rio n√£o funcionava,2,3.0.0,0
42,2021-09-28 13:49:54,programa complicado para aposentados idosos,2,3.0.0,0
43,2021-09-28 13:09:54,"Fa√ßo o reconhecimento mas quando sai q vai entrar de novo pede tudo novamente,pra q serve ent√£o fazer?",2,3.0.0,0
44,2021-09-28 11:03:23,"Eu n√£o conhe√ßo nsigo acessar o site. Errei o n√∫mero de telefone e toda vez que pe√ßo redefini√ß√£o de senha, fa√ßo reconhecimento facial mas a√≠ mandam o n√∫mero para o celular que n√£o √© meu. J√° procurei √≥rg√£o p√∫blico de Dourados MS e NENHUM(A) funcion√°rio quiz me ajudar com m√° vontade .",2,3.0.0,0
45,2021-09-28 09:08:28,Muito ruim,2,3.0.0,0
46,2021-09-28 09:03:05,"No meu perfil eu acesso r√°pido, sem burocracia mas no dos meus pais √© dif√≠cil,eles precisaram recentemente por causa do certificado da vacina, a√≠ foi que passei raiva pra tentar entrar e emitir, nem se quer consegui entrar no da minha m√£e, a√≠ j√° viu neh.",2,3.0.0,0
47,2021-09-28 08:18:20,o reconhecimento facial √© muito falho...,2,3.0.0,0
48,2021-09-27 19:12:02,muito complicado para chegar at√© aqui,2,3.0.0,0
49,2021-09-27 18:40:30,"N√£o consigo acessar o aplicativo.nao tenho mais acesso ao email cadastrado,j√° fiz tudo e n√£o consigo acessar, algu√©m pode me ajudar",2,3.0.0,0
50,2021-09-27 14:50:43,muito complicada esse reconhecimento facial.,2,3.0.0,0
52,2021-09-27 12:32:02,muitos detalhes e erros,2,3.0.0,0
53,2021-09-27 10:48:50,instalei agora e n√£o posso falar melhor sobre o mesmo,2,3.0.0,0
54,2021-09-27 09:10:06,muito dif√≠cil fazer reconhecimento facial com idoso e o aplicativo n√£o ajuda mostrando tempo!,2,3.0.0,0
55,2021-09-26 21:36:18,"Dizem pra tentar de outra forma mas n√£o existe essa op√ß√£o quando voc√™ acessa ""Porque minha valida√ß√£o facil n√£o funciona?"" O app te obriga a fazer a valida√ß√£o facial e n√£o d√° outra op√ß√£o",2,3.0.0,0
56,2021-09-26 20:13:45,valida√ß√£o f√°cil n√£o funciona,2,3.0.0,0
57,2021-09-26 17:00:25,"Jamais consegui fazer o reconhecimento facial, j√° tentei em diversos ambientes, at√© num est√∫dio fotogr√°fico de um amigo, pensei que era a conex√£o mais o ping m√©dio √© de 60~90ms sem oscilar muito, tanto wi-fi ou dados m√≥veis, j√° olhei tudo em gov.br/conta e n√£o me ajudou em nada, parab√©ns pra quem conseguiu, √© um feito impressionante.",2,3.0.0,69
59,2021-09-26 12:33:24,"Imposs√≠vel cadastrar reconhecimento facial, sistema com muita pressa sem paci√™ncia com usu√°rio, parece uma pegadinha do Malandro",2,2.2.0,0
60,2021-09-26 11:42:35,√â muito complicado,2,2.2.0,0
61,2021-09-26 11:01:49,"O reconhecimento facial n√£o funciona. Depende dele para acessar os documentos, mas √© simplesmente imposs√≠vel conseguir cadastrar porque mesmo seguindo todas as regras descritas no aplicativo, d√° erro.",2,3.0.0,0
63,2021-09-26 00:22:26,"Economista/empres√°rio,6, Nnmmmm0",2,3.0.0,0
64,2021-09-25 21:19:27,Muito dif√≠cil o algoritmo de reconhecimento facial,2,3.0.0,0
66,2021-09-25 14:23:32,"Esqueci minha senha de acesso e j√° fiz de todas as maneiras pra recuperar a senha e nada! O aplicativo n√£o √© acess√≠vel quanto a isso! Preciso visualizar minha CNH! Por favor, respondam",2,3.0.0,0
67,2021-09-25 14:00:30,"Boa tarde. N√£o consigo acessar nenhum servi√ßo pelo App. O menu n√£o mostra os servi√ßos. Tamb√©m n√£o mostra carteira digital, apenas CPF e CNH. Obrigado",2,3.0.0,0
68,2021-09-25 13:41:30,Caminh√£o,2,3.0.0,0
69,2021-09-25 13:16:19,N√£o consigo minha senha,2,3.0.0,0
70,2021-09-25 13:06:27,top D+,2,3.0.0,0
71,2021-09-25 10:30:08,N√£o √© poss√≠vel fazer o recolhimento facial,2,3.0.0,0
72,2021-09-25 09:14:49,"Nunca consigo ter acesso ao app, da sempre ou esqueceu a senha e etc...",2,3.0.0,0
73,2021-09-24 23:14:23,Nada funcional,2,3.0.0,0
74,2021-09-24 16:47:56,N√£o consigo entra no site da sempre erros j√° estou cansado eu tenho certeza Que n√£o est√° errado a minha senha,2,3.0.0,0
75,2021-09-24 13:43:27,"bem complicado,na hora de recuperar o cadastro.",2,3.0.0,0
76,2021-09-24 11:44:27,Lento.,2,2.2.0,0
80,2021-09-23 15:44:51,O reconhecimento facial n√£o funciona. Termino o reconhecimento e o aplicativo volta para o in√≠cio. Do meu aparelho ou outros. O que fazer?,2,3.0.0,0
81,2021-09-23 15:27:45,"O aplicativo deveria proibir o uso de e-mails j√° cadastrados e validados. Algu√©m, possivelmente algum hom√¥nimo, cadastrou meu e-mail pessoal, e agora n√£o paro de receber e-mails com c√≥digo de valida√ß√£o.",2,3.0.0,0
82,2021-09-23 10:35:22,Esqueci a minha senha e a meses tento conseguir entrar e n√£o consigo,2,3.0.0,0
83,2021-09-23 09:46:37,dmorado,2,3.0.0,0
84,2021-09-23 09:16:04,muito chato!!!!,2,3.0.0,0
85,2021-09-23 09:12:34,"Nao consegui ainda... Na verdade desisti... Qdo tiver tempo, irei no poupa tempo e vejo se eles fazem isso?!!!",2,3.0.0,0
86,2021-09-23 04:07:01,Dif√≠cil de acessar. N√£o da certo recuperar senha por email. Quantas vezes tem que fazer reconhecimento facial do zero???,2,3.0.0,0
87,2021-09-22 20:19:42,Muito bom,2,3.0.0,0
88,2021-09-22 17:13:21,"N√£o estou conseguindo fazer minha conta ,gostaria muito que resolvessem isso!",2,3.0.0,0
89,2021-09-22 16:57:59,legal,2,3.0.0,0
90,2021-09-22 14:38:22,EST dif√≠cil conectar a carteira digital entra com senha,2,3.0.0,0
91,2021-09-22 13:34:32,Nao consigo fazer minha indentifica√ßao,2,3.0.0,0
92,2021-09-22 12:41:29,"21/09: H√° uns meses atr√°s tudo funcionava direitinho, mas ao ativar a autentica√ß√£o em 2 etapas, complicou tudo. O c√≥digo nunca √© enviado, tanto pelo app quanto pela web. N√£o tem como eu desabilitar a autentica√ß√£o, pq preciso dela pra logar e desabilitar. N√£o achei atendimento telefonico ou por email. No Fale Conosco, tenho que escolher um √≥rg√£o pra entrar em contato. De 1000, acabei enviando para a Anatel, pra ver se eles podem me ajudar. Tomara que por aqui eu consiga algum contato para resolver esse problema. 22/09: No formul√°rio n√£o tem como eu descrever. O assunto j√° est√° l√° e eu s√≥ posso marcar a caixa de sele√ß√£o e enviar documento com foto e mais nada. De qualquer forma, enviei e aguardarei pra ver se a autentica√ß√£o de 2 fatores ser√° removida. Tanto no APP quanto na web estou deslogado, precisando, em ambos, a autentica√ß√£o de 2 fatores.",2,3.0.0,0
93,2021-09-22 11:33:55,pouca parte da popula√ß√£o tem acesso a um celular de qualidade pra rodar esse programa,2,3.0.0,0
94,2021-09-22 08:56:33,bem de vagar,2,3.0.0,0
95,2021-09-21 21:35:14,"Cada vez que eu entro eu tenho que tirar fotos,o reconhecimento f√°cil √© muito bom para n√£o haver fraudes e mesmo assim n√£o consigo acessar.",2,2.2.0,0
96,2021-09-21 19:25:56,"√â horr√≠vel, sendo a respons√°vel e n√£o consegui.",2,2.2.0,0
97,2021-09-21 17:16:13,"Conseguir fazer todas as etapas enviaram at√© um c√≥digo...Quando vou entrar pede o CPF e a senha tudo ok .Quando vai para outra faze pede confirma√ß√£o de email e fala que email est√° incorreto, como assim? Recebi a notifica√ß√£o por ele da secretaria..tem algo errado.. at√© para enviar avalia√ß√£o est√° ruim.",2,3.0.0,0
98,2021-09-21 14:47:37,At√© entra com login mas n√£o tem op√ß√µes de agendamento nenhuma outra,2,3.0.0,0
99,2021-09-21 13:55:29,"Estou tentando usar e nao quer abrir diz que tem que atualizar,nao consigo atualizar.",2,2.2.0,0
100,2021-09-21 10:39:09,boa,2,3.0.0,0
101,2021-09-21 10:35:55,bom,2,3.0.0,0
102,2021-09-21 05:50:14,a orienta√ß√£o da c√¢mera √© muito ruim,2,3.0.0,0
103,2021-09-20 22:51:17,"N√£o consigo acessar minha conta. Ele diz que enviou um c√≥digo de verifica√ß√£o para o meu telefone que est√° cadastrado, mas o c√≥digo nunca chega!",2,3.0.0,0
104,2021-09-20 20:58:09,"Eu troquei de e-mail e n√£o consigo acessar este aplicativo, quando fiz o cadastro no SINE usava o antigo e-mail. Tinha que ter uma op√ß√£o de trocar de e-mail.",2,3.0.0,0
105,2021-09-20 16:52:33,muito dif√≠cil acesso,2,3.0.0,0
107,2021-09-20 03:34:46,p√©ssimo j√° tentei de v√°rias forma recuperar minha conta reconhecimento f√°cil mas n√£o consigo,2,3.0.0,0
108,2021-09-19 22:29:12,Reconhecimento facial extremamente complicado. Da pra ficar estressado com tanta inefici√™ncia.,2,3.0.0,0
109,2021-09-19 21:15:08,"Boa noite. N√£o consigo criar a conta !! Depois de digitar meu CPF pede a senha atual. Mas eu n√£o tenho cadastro, como posso digitar a senha atual !!??",2,3.0.0,0
110,2021-09-19 21:12:14,"Esqueci minha senha, e n√£o consigo recuperar em nenhuma op√ß√£o. S√≥ aparece o telefone ,que √© n√∫mero antigo e n√£o tenho acesso. Gostaria de resolver esse problema . Onde resolvo por favor?",2,3.0.0,0
111,2021-09-19 21:11:27,Segui todas as orienta√ß√µes e n√£o faz o reconhecimento facial. Pq n√£o faz o reconhecimento digital? O que acontece?,2,3.0.0,0
112,2021-09-19 19:45:49,Precisa descomplicar,2,3.0.0,0
114,2021-09-19 13:31:08,"P√©ssimo aplicativo. N√£o funciona. J√° enviei at√© email para o Minist√©rio de desenvolvimento Social, Cidadania e nem eles funcionam, at√© hoje n√£o consegui mudar meu e-mail nem telefone. Meu antigo celular foi roubado e n√£o tenho mais acesso ao email que constava no meu cadastro e, lastim√°vel, mas vcs n√£o ajudam, ao contr√°rio, complicam a vida do cidad√£o. H√° algo que √© gratificante, a resposta de vcs aqui. Isso √© muito bom, demonstra respeito pelo cidad√£o.",2,3.0.0,11
115,2021-09-19 10:58:24,Nunca d√° certo o reconhecimento facial,2,2.2.0,0
116,2021-09-19 07:29:20,Yyy Y Volta y Volta h Y,2,2.2.0,0
117,2021-09-19 00:04:55,Aplicativo muito ruim entrei algumas vezes e depois n√£o consegui mais pq diz que eu cancelei o reconhecimento f√°cil sendo que n√£o cancelei e agora n√£o consigo entrar nem com a senha e nem CPF digito e aparece para reconhec imento facial mas n√£o d√° certo,2,3.0.0,0
118,2021-09-18 17:54:59,Testando !,2,2.2.0,0
119,2021-09-18 17:06:41,"Toda vez que entro pede reconhecimento facial. Marquei para usar a biometria do telefone e continua a mesma coisa. Oreconhcimento facial √© um porre e fica exigindo, achei que melhoraria com a atualiza√ß√£o mas n√£o resolveu. Tamb√©m deu mensagem que meu endere√ßo foi atualizado (2vezes) e continua dizendo que n√£o tem.",2,3.0.0,1
120,2021-09-18 13:28:21,N√£o validou facial,2,3.0.0,0
121,2021-09-18 11:02:50,"Lament√°vel como as coisas do governo dificultam tanto a vida das pessoas, essa biometria facial √© o que tem de mais horr√≠vel na face da terra. N√£o d√° pra utilizar isso, se era nas ag√™ncias do INSS era uma humilha√ß√£o, pelo aplicativo n√£o faz muita diferen√ßa.",2,3.0.0,4
122,2021-09-18 10:05:26,"A ideia do APP √© excente, por√©m, sempre que eu saio da conta e retorno eu sou obrigado a fazer o reconhecimento facial sendo que eu j√° havia feito no primeiro acesso para ter direito ao upgrade para a conta Ouro.",2,3.0.0,1
123,2021-09-17 21:45:58,pouco claro e pr√°tico quanto a cria√ß√£o de conta,2,3.0.0,0
124,2021-09-17 21:31:04,n√£o gostei muito demorado,2,3.0.0,0
125,2021-09-17 18:29:06,bom,2,3.0.0,0
126,2021-09-17 17:28:53,Bugado,2,3.0.0,0
127,2021-09-17 15:56:33,"N√£o consigo entender √≥ porque n√£o estou conseguindo fazer o meu Cadastro no aplicativo. Tento fazer pelo reconhecimento facial e n√£o funciona, tento fazer pelo outro m√©todo do banco e tamb√©m n√£o Funciona. Estou decepcionado e tamb√©m de m√£os atadas, porque j√° nem sei mais o que fazer... ‚òπÔ∏èüòï",2,3.0.0,5
128,2021-09-17 15:20:29,App informa q tem q atualizar e n√£o tem op√ß√£o de atualizar s√≥ abri e quando abre informa a mesma coisa. N√£o abre desde ontem!,2,2.2.0,0
129,2021-09-17 14:04:44,Eu s√≥ n√£o gostei porque esse APP gov.br s√≥ pode fazer a prova de vida quem tem CNH. Mais tem muita gente que a Identidade √© tamb√©m do Detran e porque n√£o pode fazer tamb√©m?,2,3.0.0,0
130,2021-09-17 13:37:01,"Est√° sempre travando, diz estar desatualizado mas n√£o atualiza. Abro o App para atualizar e s√≥ pede para abrir e n√£o faz nada. N√£o consigo ver se minha prova de vida est√° feita.",2,2.2.0,0
131,2021-09-17 13:18:42,"Toda hora pede atualiza√ß√£o, zuado",2,2.2.0,0
132,2021-09-17 12:39:14,"Est√° pedindo atualiza√ß√£o, dizendo que n√£o √© compat√≠vel, j√° desinstalei, reinstalei, fui no Playstore para atualizar e nada.",2,2.2.0,0
133,2021-09-17 11:47:30,demorou fazer o reconhecimento facial quase desisti,2,3.0.0,0
134,2021-09-17 11:42:24,"acho que pior n√£o fica, chegou no limite, pra ser ruim tem que melhorar muito",2,3.0.0,0
135,2021-09-17 11:38:10,n√£o funcionou,2,3.0.0,0
136,2021-09-17 11:07:20,perfeito,2,3.0.0,0
137,2021-09-17 11:01:48,ok,2,3.0.0,0
138,2021-09-17 10:43:26,"Para cada coisa ou √≥rg√£o do governo, um APP!! Novas senhas, novos cadastros... Absurdo! Desburocratiza√ß√£o em papel e BURROCRATIZA√áAO digital. Muda, Serpro!",2,3.0.0,1
139,2021-09-17 10:30:09,"Bom dia!! A minha dificuldade √© que n√£o consigo informa√ß√µes como, de contra cheque por exemplo!!",2,3.0.0,0
140,2021-09-17 09:48:03,"Infelizmente este app √© burocr√°tico, muitas exig√™ncias sem necessidades. Estou √† tr√™s meses tentando regularizar minha situa√ß√£o cadastral e, √± consigo. Quando penso que deu certo, aparece mais coisas. Isso √© um supl√≠cio para quem j√° tem a vis√£o (vistas) em cinco por cento. √â lament√°vel.",2,2.2.0,0
141,2021-09-17 08:57:32,f6d,2,2.2.0,0
142,2021-09-17 07:22:54,"Imagino um idoso acima de 80 fazendo essa valida√ß√£o, n√£o vai conseguir nunca, eu tive dois dias de tentativas para conseguir realizar, o tempo √© curto e as perguntas se atropelam, fala-se lentamente para direita e para esquerda e o tempo se esgota. Acho que n√£o deveria ter tempo at√© o velhinho fazer o que √© pedido.",2,3.0.0,4
143,2021-09-17 07:05:19,Muito suspeito um app do governo exigir acesso a fotos/ v√≠deos/ C√¢mera. Antes n√£o exigia e funcionava normalmente. Quem tem fotos √≠ntimas que se cuide! Mas vamos l√° n√©.. Quem n√£o deve n√£o teme,2,2.2.0,0
144,2021-09-16 22:54:11,N√£o tem muito o que ver ou pesquisar...falta muita coisa da pessoa,2,2.2.0,0
145,2021-09-16 22:36:47,A sua vers√£o esta incompat√≠vel.. Atualize.. e nada acontece!,2,2.2.0,0
146,2021-09-16 22:36:14,O aplicativo n√£o sai da tela de login,2,3.0.0,0
147,2021-09-16 22:15:49,N√£o consigo minha senha,2,2.2.0,0
148,2021-09-16 21:42:55,Precisa ser mais r√°pido..,2,2.2.0,0
149,2021-09-16 20:57:08,"H√° um ano eu tinha instalado o aplicativo em outro celular. Desde a troca, n√£o consigo faz√™-lo funcionar no novo celular, mesmo com outras atualiza√ß√µes em que as instru√ß√µes de valida√ß√£o facial s√£o mais lentas. Deixou de reconhecer meu rosto. Eu n√£o esqueci a senha, eu tenho certificado digital A3, sou servidor p√∫blico. Consigo acessar outras aplica√ß√µes que usem o gov.br, tanto em computador como no celular (sougov, carteira digital de tr√¢nsito [CNH tem QR Code], ConecteSus etc.), mas n√£o consigo que ele valide novamente meu rosto. Tenho acesso ao e-mail cadastrado, o n√∫mero do celular √© o mesmo. Ali√°s, para qu√™ validar o rosto novamente? Bastaria gerar um QR Code no computador depois de acesso com certificado digital A3, ler com o aplicativo e faz√™-lo funcionar! Nota baixa continua.",2,3.0.0,25
150,2021-09-16 19:45:10,p√©ssimo de validar,2,2.2.0,0
151,2021-09-16 17:20:35,"N√£o consigo o fazer o reconhecimentos, tenho uma parede branca ao fundo, boa ilumina√ß√£o e ainda coloquei um refletor pra encobrir poss√≠veis sombras.",2,2.2.0,0
152,2021-09-16 16:04:58,muito complicado,2,2.2.0,0
153,2021-09-16 15:32:45,toda hora informa indispon√≠vel,2,2.2.0,0
154,2021-09-16 14:59:56,toda vez que vou acessar solicita novamente a valida√ß√£o facial...tendo que refazer todos os passos... desestimulante... para dizer o m√≠nimo,2,2.2.0,0
155,2021-09-16 07:13:13,N√£o consigo entrar no App pois n√£o lembro a senha... coloco pra recuperar e meus dados pessoais est√£o desatualizados e n√£o consigo atualizar! J√° pesquisei no site e no pr√≥prio App s√≥ que n√£o adianta nada da certo. O que fa√ßo?,2,2.2.0,0
156,2021-09-16 06:40:42,"Quando a gente consegue acessar, √© um aplicativo muito bom. O problema √© a valida√ß√£o. O reconhecimento facial √© p√©ssimo, 15 erros sem notificar a origem precisa do erro, depois n√£o l√™ o Qrcode... simplesmente s√≥ acesso pelo site.",2,2.2.0,0
158,2021-09-15 22:57:53,muito dif√≠cil e demorado,2,2.2.0,0
160,2021-09-15 20:05:39,"Esse app poderia ser a central de tudo, mas como os pol√≠ticos do Brasil s√£o in√∫teis. Os apps s√£o tudo fragmentados a CHN digital, o FGTS... absolutamente TUDO sobre documenta√ß√£o de uma pessoa poderia ser centralizado em um Super App...",2,2.2.0,1
161,2021-09-14 18:57:26,bom,2,2.2.0,0
163,2021-09-14 16:48:20,"Precisa melhorar a quest√£o de Autentica√ß√£o, se fechar o App e abrir novamente j√° pede login novamente, tem que digitar tudo de novo, nada pr√°tico isso.",2,2.2.0,0
164,2021-09-13 19:04:41,Infelizmente n√£o consegui,2,2.2.0,0
165,2021-09-13 17:00:23,n√£o consegui realizar o que pede. diz que agora n√£o seria poss√≠vel,2,2.2.0,0
166,2021-09-13 15:18:42,muito dif√≠cil recuperar senha,2,2.2.0,0
167,2021-09-13 13:16:10,Ruim,2,2.2.0,0
168,2021-09-13 11:49:41,Pouco intuito em alguns t√≥picos.,2,2.2.0,0
169,2021-09-13 11:24:15,horrivel muito confuso,2,2.2.0,0
170,2021-09-13 09:35:29,bom,2,2.2.0,0
171,2021-09-12 11:59:15,N√£o d√° pra trocar a foto,2,2.2.0,0
172,2021-09-11 19:08:12,Bom,2,2.2.0,0
173,2021-09-11 10:05:25,legal,2,2.2.0,0
174,2021-09-11 06:50:46,N√£o entendo pq n√£o colocam biometria em vez do rosto poxa ficar igual um idiota vira pra esquerda pisca vira direita sorria s√≥ Brasil mesmo pra fazer isso,2,2.2.0,0
177,2021-09-10 20:09:40,N√£o possuo CNH ent√£o n√£o consigo fazer a valida√ß√£o!! E ai??? Como vou fazer??,2,2.2.0,0
178,2021-09-10 19:08:26,Eu troquei o n√∫mero do meu celular √© n√£o sei da mi ha senhas para,2,2.2.0,0
179,2021-09-09 23:23:13,N√£o consigo de jeito nenhum trocar meu n√∫mero pra poder receber o c√≥digo pra poder trocar a senha,2,2.2.0,0
180,2021-09-09 14:02:07,a valida√ß√£o por foto deveria ser opcional,2,2.2.0,0
181,2021-09-08 21:23:14,"Estou tentando ajudar uma pessoa com o reconhecimento facial, por√©m no final da um erro, apesar de conseguirmos dentro dos 60 segundos. Seria falta de alguma informa√ß√£o ou incorre√ß√£o nos dados?",2,2.2.0,0
182,2021-09-08 03:45:49,"acabei de instalar e depois se funcionar mudo minha nota, foi aparentemente simples!",2,2.2.0,0
183,2021-09-06 22:34:02,muito complicado autentica√ß√£o por imagem,2,2.2.0,0
184,2021-09-06 21:27:20,idosos sem afinidade com tecnologia tem dificuldade em seguir as instru√ß√µes,2,2.2.0,0
185,2021-09-06 14:49:58,n√£o tem a op√ß√£o de colocar o t√≠tulo de eleitor pois a minha tia n√£o tem CNH e pra come√ßar √© a cnh que pedem... N√£o conseguimos usar e nem fazer a prova de vida ainda...,2,2.2.0,0
186,2021-09-06 14:10:07,essa valida√ß√£o facial √© horr√≠vel! N√£o consigo acessar at√© hoje pela valida√ß√£o facial. O site √© mais f√°cil. Como consigo resolver pelo app?,2,2.2.0,0
187,2021-09-06 13:11:42,boa,2,2.2.0,0
188,2021-09-06 05:39:21,"Tinha achado ele perfeito, me castrei no in√≠cio do ano, tenho todos os dados atualizados, por√©m agora n√£o consigo mais acessar o app, pois havia colocado verifica√ß√£o em duas etapas, por√©m o c√≥digo nunca chega para eu poder validar meu acesso e para tirar a verifica√ß√£o em duas etapas eu preciso entrar no aplicativo. Obs: Seu colocar em alterar a senha, a mensagem chega pelo celular, ou seja, o n√∫mero no cadastro est√° certo. Estou com raiva, pois preciso acessar pra pegar o comprovante de vacina.",2,2.2.0,0
189,2021-09-05 22:43:41,complicado para identifica√ß√£o pelo rosto,2,2.2.0,0
190,2021-09-05 21:56:16,dif√≠cil,2,2.2.0,0
191,2021-09-05 01:21:59,"N√£o consigo acessar o aplicativo, por que n√£o reconhece o meu rosto",2,2.2.0,0
192,2021-09-04 14:51:27,N√£o tenho CNH...,2,2.2.0,0
193,2021-09-04 14:03:49,ruim üòï,2,2.2.0,0
194,2021-09-04 13:10:32,"Muito complicado, burocr√°tico e dif√≠cil",2,2.2.0,0
195,2021-09-03 13:03:25,N√£o consigo acessar porqu meu celular e outro e n√£o consigo mudar ele,2,2.2.0,0
196,2021-09-03 11:50:19,muito ruim pra entrar,2,2.2.0,0
198,2021-09-02 22:12:07,"Tem algumas coisinhas, mas que tal um aplicativo que fa√ßa den√∫ncias na Receita Federal e um que fa√ßa den√∫ncias no IBAMA?? Assim, ele deria √∫til de verdade.",2,2.2.0,0
199,2021-09-02 22:04:58,Sinal ruim,2,2.2.0,0
0,2021-10-02 13:01:01,regular,3,3.0.0,0
1,2021-10-02 09:34:41,boa,3,3.0.0,0
2,2021-10-02 08:18:11,otimo,3,3.0.0,0
4,2021-10-01 22:09:44,ainda pode melhorar nota 5,3,3.0.0,0
5,2021-10-01 21:40:02,√ìtimo,3,3.0.0,0
6,2021-10-01 19:31:10,"N√£o gostei, n√£o entendi porque da mudan√ßa o Conecta SUS √© mais completo em informa√ß√µes, baixei ele para adquirir meu certificado de vacina e qdo fui entrar agora e substitu√≠do por Gov.br n√£o resolveu foi nada, ele n√£o d√° absolutamente nada do que preciso sobre meu certificado da vacina.ü§∑",3,3.0.0,0
7,2021-10-01 19:12:50,precisa de uma simplifica√ß√£o no sistema,3,3.0.0,0
8,2021-10-01 18:32:15,um pouco complicado,3,3.0.0,0
9,2021-10-01 18:23:08,algumas falhas mais de menos,3,3.0.0,0
10,2021-10-01 16:36:22,Nao consigo recuperar a minha senha a ou mudar meu numerodo celular,3,3.0.0,0
11,2021-10-01 16:05:03,N√£o consigo finalizar a valida√ß√£o facial depois da atualiza√ß√£o.,3,3.0.0,0
12,2021-10-01 13:36:17,site de dif√≠cil acesso,3,3.0.0,0
13,2021-10-01 12:09:38,t√¥ vendo aqui agora,3,3.0.0,0
14,2021-10-01 11:33:04,bom,3,3.0.0,0
15,2021-10-01 11:16:55,vou usar agr,3,3.0.0,0
16,2021-10-01 08:17:36,Muito burocr√°tico,3,3.0.0,0
17,2021-10-01 07:53:04,ola ! olha aplicativo com s√©rios erros pra recuperar senha... as op√ß√µes pessoas INSS n√£o batem . tive que ir pessoalmente ao INSS para conseguir uma nova senha.,3,3.0.0,0
18,2021-10-01 07:11:20,"primeiro acesso, estou avaliando",3,3.0.0,0
19,2021-10-01 01:01:58,"O reconhecimento facial para deficientes auditivos e com problemas de vis√£o como minha m√£e sem usar √≥culos √© muito dif√≠cil de ser feito, tive que escrever em uma folha com letras grandes os comandos para virar a cabe√ßa, sorrir e piscar os olhos, por favor providenciem outra forma de valida√ß√£o para evitar fraudes que possa facilitar esse procedimento para pessoas com defici√™ncia auditiva e problemas de vis√£o.",3,3.0.0,0
20,2021-09-30 20:44:26,otimo,3,3.0.0,0
21,2021-09-30 17:29:33,muito dif√≠cil de conseguir tirar a foto,3,3.0.0,0
22,2021-09-30 15:28:08,complicado,3,3.0.0,0
23,2021-09-30 13:13:28,O reconhecimento facial n√£o funciona,3,3.0.0,0
24,2021-09-30 12:46:52,"Falaram no site da SerPro que ia ter at√© ""certificado de reservista"" mas at√© agora n√£o vi nada",3,3.0.0,0
25,2021-09-30 11:04:28,bom,3,3.0.0,0
26,2021-09-30 10:59:27,muito bom,3,3.0.0,0
27,2021-09-30 09:02:31,√≥tima,3,3.0.0,0
29,2021-09-29 21:00:22,"eu fiquei com dificuldade, mas dps de algumas tentativas consegui",3,3.0.0,0
30,2021-09-29 20:42:14,otimo,3,3.0.0,0
31,2021-09-29 20:42:06,Praticamente imposs√≠vel reconhecimento facial,3,2.1.9,0
32,2021-09-29 19:43:55,nada a declarar,3,3.0.0,0
33,2021-09-29 18:32:39,deu diferen√ßa com o bigode. tive q raspar.,3,3.0.0,0
34,2021-09-29 17:42:04,"ainda n√£o tive teste e confian√ßa, com uso quem sabe melhore avalia√ß√£o",3,3.0.0,0
35,2021-09-29 17:39:30,sou novo aqui ent√£o n√£o posso da muita estrelas,3,3.0.0,0
36,2021-09-29 15:48:16,"muito complicado ,pra um idoso ,dificilmente conseguir√° resolver sozinho o que precisar neste aplicativo",3,3.0.0,0
37,2021-09-29 15:40:37,bom,3,3.0.0,0
38,2021-09-29 15:31:59,ainda n√£o tenho uma avalia√ß√£o minha nota e 7,3,3.0.0,0
39,2021-09-29 14:15:03,"fica dificil pra quem nao tem um celular bom ,alem disso pra gente mas carente em termos de tecnologia e dificil",3,3.0.0,0
40,2021-09-29 14:12:06,tive muita dificuldade com o capcha,3,3.0.0,0
41,2021-09-29 13:42:41,Poderia ser mais pr√°tico e f√°cil de usar!!!,3,3.0.0,0
42,2021-09-29 13:34:41,bom,3,3.0.0,0
43,2021-09-29 13:31:33,dif√≠cil Acertar o reconhecimento facial,3,3.0.0,0
44,2021-09-29 10:49:13,Pode ser aprimorado,3,3.0.0,0
45,2021-09-29 10:32:51,Nao consigo cadastrar meu endere√ßo,3,3.0.0,0
46,2021-09-29 08:59:12,"Me d√° erro no email, acho que tentei 20 vezes em diferentes ocasi√µes, lament√°vel",3,3.0.0,1
47,2021-09-29 08:58:26,Bom,3,3.0.0,0
48,2021-09-28 22:07:36,o documento √∫nico nacional j√° deveria estar em vigor,3,3.0.0,0
49,2021-09-28 21:03:42,Estou com problema pra fazer loguim pois aparece um email q nao e meu e nao consigo fazer a alera√ßao,3,3.0.0,0
50,2021-09-28 20:40:49,bom,3,3.0.0,0
51,2021-09-28 19:44:14,Meu email n√£o est√° sendo reconhecido Que eu fazer,3,3.0.0,0
52,2021-09-28 19:26:38,n√£o foi conseguindo pq o n√∫mero que aparece n√£o √© o meu,3,3.0.0,0
53,2021-09-28 18:28:19,bom,3,3.0.0,0
54,2021-09-28 17:26:46,Olha vai me descupar mais nao foi ate hoje e pior fala que foi cancelado a leitura do rosto digital facial,3,3.0.0,6
55,2021-09-28 17:04:33,bom muito,3,3.0.0,0
56,2021-09-28 16:29:24,complicado e confuso,3,3.0.0,0
58,2021-09-28 16:08:24,complicado,3,3.0.0,0
59,2021-09-28 15:19:17,"Falta mais informa√ß√µes como, quem passou a ser pensionista a 6 meses dentro do ano de 2021, precisa fazer a prova de vida, por√©m fazer o reconhecimento facial e praticamente imposs√≠vel , por√©m se estou devidamente identificada dentro da minha situa√ß√£o poderia dizer se preciso ou n√£o fazer a prova de vida, pois estou com prado Vencendo 30/09/21 e ainda n√£o consegui nada.",3,3.0.0,0
60,2021-09-28 15:08:18,bom,3,3.0.0,0
61,2021-09-28 13:39:20,aplicativo de dif√≠cil acesso,3,3.0.0,0
62,2021-09-28 11:53:01,bom,3,3.0.0,0
63,2021-09-28 11:46:09,Dif√≠cil para conseguir fazer o cadastro.,3,3.0.0,0
65,2021-09-28 10:27:24,N√£o estou conseguindo recuperar Minha senha O q fazer,3,3.0.0,0
66,2021-09-28 10:02:08,custei a entender como me posicionar e se o reconhecimento estava impedido de ser realizado.,3,3.0.0,0
67,2021-09-28 09:36:59,"N√£o consigo a biometria facial, nunca encontram minha foto...",3,3.0.0,0
68,2021-09-28 01:02:03,"P√©ssimo reconhecimento facial. Tentei v√°rias vezes fazer, mas sempre dar erro no final de todo processo, j√° tenho conta, mas preciso validar a mesma. S√≥ que est√° dif√≠cil viu.",3,2.2.0,0
69,2021-09-27 21:39:03,muitos recome√ßos e nem um pouco did√°tico,3,3.0.0,0
70,2021-09-27 20:06:51,bom,3,3.0.0,0
71,2021-09-27 18:59:38,excelente,3,3.0.0,0
72,2021-09-27 18:53:10,"Eu at√© iria elogiar a resposta r√°pida, mas trata-se de resposta autom√°tica, perdeu 1 estrela e n√£o respondeu ao meu questionamento da√≠ perdeu outra estrela. Se o desenvolvedor responder adequadamente volto a dar 5 estrelas.",3,3.0.0,0
74,2021-09-27 16:08:45,gosto muito,3,3.0.0,0
75,2021-09-27 15:59:06,Ok,3,3.0.0,0
76,2021-09-27 15:46:53,Invade muito a privacidade,3,3.0.0,0
77,2021-09-27 15:38:12,boa,3,3.0.0,0
78,2021-09-27 15:30:10,testando,3,3.0.0,0
79,2021-09-27 15:24:28,Muito dif√≠cil de usar precisa melhorar,3,3.0.0,0
80,2021-09-27 15:07:57,n√£o conhe√ßo o app,3,3.0.0,0
81,2021-09-27 14:51:01,muito bom,3,3.0.0,0
82,2021-09-27 13:31:56,muito boa,3,3.0.0,0
83,2021-09-27 13:29:07,sem opini√£o por enquanto,3,3.0.0,0
84,2021-09-27 13:19:44,"n√£o estou gostando da minha conta do inss e do gov ser bloqueada toda vez que eu entro nela , e toda vez tem que ficar usando o c√≥digo de verifica√ß√£o para desbloquear a conta.",3,3.0.0,0
85,2021-09-27 13:12:55,"Bom, poderiam incluir todos os demais documentos que possam existir que s√£o de posse obrigat√≥ria de qualquer cidad√£o, N√£o achei as configura√ß√µes de seguran√ßa para autentica√ß√£o em dois fatores.",3,3.0.0,0
86,2021-09-27 12:50:06,Atualizei o app e agora as op√ß√µes que tinha antes n√£o aparece nada como era antes agora s√≥ documentos prova de vida nada mais como era antes local para reclama√ß√µes ou falar com gov.br ou seja nada mais no app t√≠tulo de eleitor n√£o d√° pra por sei l√° ficou bem sem intera√ß√µes,3,3.0.0,0
87,2021-09-27 12:16:44,legal seguro,3,3.0.0,0
88,2021-09-27 11:35:43,Precisa melhorar .,3,3.0.0,0
89,2021-09-27 10:32:32,p√©ssimo,3,3.0.0,0
90,2021-09-27 09:34:31,Ruim.,3,3.0.0,0
91,2021-09-27 09:28:13,Txt de,3,2.2.0,0
92,2021-09-27 09:18:12,.0.f kk .,3,2.2.0,0
94,2021-09-26 13:44:09,diminua o consumo de mem√≥ria.,3,3.0.0,0
95,2021-09-26 13:26:44,show,3,3.0.0,0
96,2021-09-25 22:46:59,Bom,3,3.0.0,0
97,2021-09-25 20:09:08,Desisti do cadastro. N√£o confio em compartilhar dados pessoais pela Internet inclusive conta de banco.,3,3.0.0,0
98,2021-09-25 18:04:40,n√£o funciona o reconhecimento facial,3,3.0.0,0
99,2021-09-25 17:47:27,bom,3,3.0.0,0
100,2021-09-25 17:29:17,virre o rosto,3,3.0.0,0
101,2021-09-25 11:26:50,bom,3,3.0.0,0
102,2021-09-25 11:23:50,site muito complexo p pessoas leigas,3,3.0.0,0
103,2021-09-25 10:49:37,muita dificuldade no acesso. nem sempre se consegue conectar,3,3.0.0,0
104,2021-09-25 08:23:40,precisa de melhorias,3,3.0.0,0
105,2021-09-24 23:02:09,Bem explicativo,3,3.0.0,0
106,2021-09-24 21:00:00,"muito chata a parta do reconhecimento facial, quase que n√£o consegui",3,3.0.0,0
107,2021-09-24 20:58:28,Boa Qualidade,3,3.0.0,0
108,2021-09-24 20:16:22,m√≥ dificuldade p fazer a conta,3,3.0.0,0
109,2021-09-24 19:54:15,"muito bom, gostei tamb√©m √© pratico",3,3.0.0,0
110,2021-09-24 19:33:46,Estou indignada. At√© hoje n√£o consegui pegar meu aux√≠lio maternidade porque preciso emitir uma guia para devolver uma porcentagem do afastamento para o governo por√©m est√° dando erro nos meus dados cadastrais. Tentei fazer altera√ß√µes mas esses aplicativos s√≥ dificultam tudo. Eu s√≥ quero emitir essa guia pra pagar logo e receber meu direito,3,3.0.0,0
111,2021-09-24 19:15:24,üëç,3,3.0.0,0
112,2021-09-24 19:09:52,Estou aprendendo a usar n√£o sou muito bom nisso,3,3.0.0,0
113,2021-09-24 18:09:21,App bom,3,3.0.0,0
114,2021-09-24 15:59:36,ainda estou iniciando minhas experi√™ncias espero gostar √© dar mais estrelas,3,3.0.0,0
115,2021-09-24 13:00:14,reconhecimento demorado,3,3.0.0,0
116,2021-09-24 11:48:27,boa,3,3.0.0,0
117,2021-09-24 09:15:31,Simplesmente n√£o consigo criar uma conta! Parece que s√≥ tem a op√ß√£o de acessar pra quem j√° possui uma conta. Podem me ajudar nessa quest√£o?,3,3.0.0,0
118,2021-09-24 09:05:32,muito.bom.obrigado,3,3.0.0,0
119,2021-09-23 22:25:23,N√£o consigo entrar no aplicativo tento entrar por esqueci minha senha pra fazer uma nova senha mas n√£o me manda c√≥digo pra renovar a senha no meu e-mail j√° n√£o sei mais o que fazer.,3,3.0.0,0
120,2021-09-23 21:30:20,as informa√ß√µes do meu dispositivo que n√£o me agradou,3,3.0.0,0
121,2021-09-23 20:59:31,√≥timo,3,3.0.0,0
122,2021-09-23 20:39:18,"acabei de baixar, ainda n√£o sei direito",3,3.0.0,0
123,2021-09-23 18:26:13,muito dificil o reconhecimento facial,3,3.0.0,0
124,2021-09-23 18:24:04,muito bom,3,3.0.0,0
125,2021-09-23 16:28:02,Regular,3,3.0.0,0
126,2021-09-23 15:24:54,"Fiz a prova de vida, mas n√£o consegui baixar o comprovante, portando eu acho o aplicativo meio manco, deve ser melhorado! Desde j√° eu agrade√ßo pela aten√ß√£o.",3,3.0.0,0
127,2021-09-23 15:20:21,N√£o consegui fazer o reconhecimento facila,3,3.0.0,0
128,2021-09-23 15:14:10,gostei üëè,3,3.0.0,0
129,2021-09-23 12:33:37,Boa,3,3.0.0,0
130,2021-09-23 11:55:53,blz,3,3.0.0,0
131,2021-09-23 11:34:09,ainda n√£o usei o App...depois eu avalio melhor,3,3.0.0,0
133,2021-09-23 10:19:05,gostei,3,3.0.0,0
134,2021-09-23 09:56:24,"muito burocr√°tico, dif√≠cil acesso, n√£o √© simples",3,3.0.0,0
135,2021-09-23 04:49:18,"Estou a dias tentando recuperar uma senha que foi cadastrada em meu nome e n√£o tenho acesso ao e-mail para recupera√ß√£o,n√£o tenho acesso ao n√∫mero para receber o sms com o c√≥digo . Se tento criar uma conta o CPF j√° existe . Ser√° que por favo voc√™s poderiam me ajudar . Obrigado e aguardo retorno.",3,3.0.0,0
136,2021-09-22 23:28:25,risco de viola√ß√µes,3,3.0.0,0
137,2021-09-22 19:02:24,√â bom... quando funciona.,3,3.0.0,0
138,2021-09-22 18:20:45,"Boa tarde me chamo Valdelice, n√£o estou conseguindo entrar nas secret√°rias da prefeitura e nem acessar √≥rg√£os do governo, eu n√£o fiz a foto e todo vez d erro de senha . Realmente n√£o consigo resolver nada . E pior preciso da entrada na licen√ßa ambiental de um cliente e n√£o consigo, preciso tamb√©m providenciar o alvar√° de funcionamento tamb√©m n√£o consigo. J√° fiz de tudo para recuperar e n√£o consigo oi seja um aplicativo que era pra facilitar infelizmente est√° prejudicando",3,3.0.0,0
139,2021-09-22 16:35:21,Muito complicado. dif√≠cil entender a sequ√™ncia . muita informa√ß√£o na tela,3,3.0.0,0
140,2021-09-22 16:32:04,"reconhecimento facial complicado, tive que fazer diversas tentativas.",3,3.0.0,0
141,2021-09-22 16:12:48,Realmente o gov.br n√£o valida o rosto. Deve ter algum bug no app pois j√° fiz valida√ß√£o do rosto em outros app do governo e tamb√©m de bancos sem problema.,3,3.0.0,0
142,2021-09-22 15:51:06,"Estou tentando mudar o meu Email e n√£o consigo, email esse que n√£o foi alterado por mim, estou tentando resolver problema com o INSS h√° meses e n√£o consigo porque coloco a senha e avisam que esta errada e me enviam a informa√ß√£o por um email que n√£o tenho acesso. J√° fiz 3 tentativas com aquele campo alterar senha e sempre tem alguma coisa errada.",3,3.0.0,0
143,2021-09-22 15:41:11,Esse app est√° meio complicado deveria ser um app mais simplificado,3,3.0.0,0
144,2021-09-22 14:56:27,bom,3,3.0.0,0
145,2021-09-22 14:40:24,O suporte para acesso n√£o resolve... n√£o consigo acessar,3,3.0.0,0
146,2021-09-22 14:04:28,Agilidade no atendimento,3,3.0.0,0
147,2021-09-22 13:46:39,Muito confuso! Em caso de d√∫vida informa ligar pro B. Brasil por√©m o banco desconhece o aplicativo.,3,3.0.0,0
148,2021-09-22 12:29:37,Mais ou menos,3,3.0.0,0
149,2021-09-22 12:09:15,"avalia√ß√£o facial deprimente, espero melhorias para a pr√≥xima vez que eu necessitar de prova de vida. ""fora isso, tuuuudo bem!"" Em tempo: porqu√™ s√≥ pede a CNH e n√£o o t√≠tulo de eleitor? E quem n√£o tem CNH?",3,3.0.0,1
150,2021-09-22 11:36:27,Tive que fazer 3 vezes o reconhecimento facial mas deu certo.,3,3.0.0,0
151,2021-09-22 10:42:09,"ainda n√£o experimentei ,mas para se cadastrar √© muito dif√≠cil, principalmente pelo aplicativo, deveriam facilitar mais!",3,3.0.0,0
152,2021-09-22 09:50:01,Reconhecimento Facial n√£o est√° funcionando üòï,3,3.0.0,0
153,2021-09-22 09:24:47,"Muito lento d√° erros de leitura de senha, mas nada que fuja dos app do governo. Poderia ser muito melhor.",3,3.0.0,0
154,2021-09-22 08:16:04,N√£o consigo recuperar a senha,3,3.0.0,0
155,2021-09-22 00:33:52,ok,3,3.0.0,0
156,2021-09-21 23:59:04,horr√≠vel fazer o reconhecimento f√°cil app muito r√°pido,3,3.0.0,0
157,2021-09-21 20:56:15,muito complexo e prolixo.,3,3.0.0,0
158,2021-09-21 17:14:36,muito bom .melhorou muito,3,3.0.0,0
159,2021-09-21 16:54:49,√â minha primeira experi√™ncia! Espero poder dar mais estrelas.,3,3.0.0,0
160,2021-09-21 16:36:20,"Razo√°vel. Muito burocr√°tica a recupera√ß√£o de senha. App inseguro. Quando fui consultar meu CPF, ele estava vinculado a um e-mail que nunca utilizei.",3,3.0.0,0
161,2021-09-21 15:51:51,"n√£o tem necessidade do ""eu n√£o sou um rob√¥""",3,3.0.0,0
162,2021-09-21 15:39:29,bom,3,3.0.0,0
163,2021-09-21 14:53:31,"minha 2 dose j√° tem um m√™s, mas ainda n√£o consta no APP...",3,3.0.0,0
164,2021-09-21 12:51:35,bom,3,3.0.0,0
165,2021-09-21 11:15:23,√≥timo,3,3.0.0,0
166,2021-09-21 11:12:25,"O app precisa de otimiza√ß√µes, esta travando muito.",3,3.0.0,0
167,2021-09-21 09:51:45,dif√≠cil o reconhecimento facial tem que melhorar,3,3.0.0,0
168,2021-09-21 08:17:29,N√£o consigo criar coloco o CPF e n√£o sou redirecionado para outra p√°gina para criar um login. Como eu crio a minha conta?,3,3.0.0,0
169,2021-09-20 22:25:50,Muito complicado para se cadastrar. Uma pessoa humilde vai ter dificuldade.,3,3.0.0,0
170,2021-09-20 22:01:04,"Ainda n√£o tenho experi√™ncia no aplicativo, portanto n√£o posso avaliar melhor",3,3.0.0,0
171,2021-09-20 21:50:53,reconhecimento facial n√£o me reconhece,3,3.0.0,0
172,2021-09-20 19:48:01,bom üëç,3,3.0.0,0
173,2021-09-20 19:44:34,muito bom,3,3.0.0,0
174,2021-09-20 18:00:09,Meia boca,3,3.0.0,0
175,2021-09-20 16:57:22,Bom,3,3.0.0,0
176,2021-09-20 15:32:12,poderia ser mais pratico,3,3.0.0,0
177,2021-09-20 14:58:10,nem tudo precisa de aplicativo. as pessoas podem n√£o ter celulares.,3,3.0.0,0
178,2021-09-20 10:53:22,Muito inst√°vel,3,3.0.0,0
179,2021-09-20 10:24:34,"Usei pouco, mas parece ser bem eficiente",3,3.0.0,0
180,2021-09-20 09:51:09,Ok,3,3.0.0,0
181,2021-09-19 22:11:28,bom,3,3.0.0,0
183,2021-09-19 18:14:55,√≥timo,3,3.0.0,0
184,2021-09-19 16:02:35,muita dificuldade com o reconhecimento facial,3,3.0.0,0
186,2021-09-19 14:10:14,estou usando ainda comessei usar hoje ent√£o n√£o como √© ainda,3,3.0.0,0
187,2021-09-19 14:04:36,site muito complicado,3,3.0.0,0
188,2021-09-19 13:18:21,E bom,3,2.2.0,0
189,2021-09-19 11:37:21,Mais ou menos,3,2.2.0,0
190,2021-09-19 11:06:09,muito burocr√°tico,3,3.0.0,0
191,2021-09-18 23:04:22,"Preciso de ajuda pra trocar meu email,e tamb√©m n√£o consigo acessar nem uma das op√ß√µes que me √© dada j√° est√° na segunda presta√ß√£o do meu CNPJ e n√£o me mandaram o n√∫mero preciso saber com quem devo falar quero um num.de telefone que eu possa entrar em contato obrigado.",3,3.0.0,0
192,2021-09-18 19:47:38,A identifica√ß√£o facial √© triste,3,3.0.0,0
193,2021-09-18 18:26:22,"Ap√≥s √∫ltima atualiza√ß√£o em 18/09/2021, e habilita√ß√£o do acesso por biometria, alcan√ßando o n√≠vel m√°ximo de seguran√ßa, o aplicativo continua pedindo senha e n√£o recebo mais o c√≥digo de verifica√ß√£o em duas etapas. Ap√≥s v√°rias solicita√ß√µes de c√≥digo, vem a mensagem de excesso de tentativas de envio de c√≥digo para o celular registrado. O problema surgiu em decorr√™ncia da √∫ltima atualiza√ß√£o.",3,3.0.0,2
194,2021-09-18 10:45:23,"N√£o estou conseguindo atualizar meu numero de telefone no app, mudei d numero e at√© agora n√£o achei op√ß√£o onde muda o numero.",3,3.0.0,0
195,2021-09-18 10:22:54,m√©dio muito frufru,3,3.0.0,0
196,2021-09-18 10:09:30,"ainda estou usando, preciso saber mais sobre o app para 5 estrelas",3,3.0.0,0
197,2021-09-18 08:53:49,Reconhecimento facial complicado. Em locais com pouca luz n√£o vc d√° pra acessar o aplicativo.,3,3.0.0,0
198,2021-09-18 08:46:11,N√£o consigo fazer reconhecimento facial nem a pau..ja tentei de todo jeito com fundo branco ilumina√ß√£o perfeita e n√£o d√° certoüò°üò°üò°,3,3.0.0,0
0,2021-10-02 13:19:00,show,4,3.0.0,0
1,2021-10-02 12:36:38,bom,4,3.0.0,0
2,2021-10-02 09:25:28,ainda falta terminar o cadastro e j√° querem 5 stars se for bom depous avalio melhor,4,3.0.0,0
3,2021-10-01 22:34:48,muito bom,4,3.0.0,0
4,2021-10-01 21:12:52,o app √© um pouco confuso,4,3.0.0,0
5,2021-10-01 21:04:50,boa,4,3.0.0,0
6,2021-10-01 20:28:57,excelente App,4,3.0.0,0
7,2021-10-01 18:45:45,"ESTOU SATISFEITO,AVALIA√á√ÅO √ìTIMA DESTE APLICATIV",4,3.0.0,0
8,2021-10-01 18:40:05,Muito bom !,4,3.0.0,0
9,2021-10-01 18:13:46,bom,4,3.0.0,0
10,2021-10-01 18:09:39,bom,4,3.0.0,0
11,2021-10-01 17:49:24,muito pr√°tico.,4,3.0.0,0
12,2021-10-01 16:40:50,boa,4,3.0.0,0
13,2021-10-01 16:38:01,vamos usar para ver se e vi√°vel!,4,3.0.0,0
14,2021-10-01 15:49:38,"Bom aplicativo, tive dificuldade para cadastrar a foto, mais num ambiente mais iluminado deu tudo certo.",4,3.0.0,0
15,2021-10-01 15:36:46,at√© agora estar me ajudando bastante,4,3.0.0,0
16,2021-10-01 15:15:38,Boa,4,3.0.0,0
17,2021-10-01 13:53:14,muito bacana,4,3.0.0,0
18,2021-10-01 12:55:13,bom,4,3.0.0,0
19,2021-10-01 12:17:51,apenas a aproxima√ß√£o da face ao aparelho √© muito proximo e no video explicativo nao √©s. por isto apenas quatro estrelas.,4,3.0.0,0
20,2021-10-01 09:59:59,Bom,4,3.0.0,0
21,2021-10-01 09:44:50,"Sim, consegui acessar a valida√ß√£o facial....show de bola!",4,3.0.0,0
22,2021-10-01 09:11:13,muito complicado,4,3.0.0,0
23,2021-10-01 08:02:57,Bom,4,3.0.0,0
24,2021-10-01 01:13:29,muito bom,4,3.0.0,0
25,2021-10-01 00:17:22,bom,4,3.0.0,0
26,2021-09-30 22:44:38,dificilossomo criar um conta. A navegacao para criar conta est√° confusa.√© preciso o usuario adivinhar.,4,3.0.0,0
27,2021-09-30 22:34:17,Show,4,3.0.0,0
28,2021-09-30 22:07:12,Bom üëç,4,3.0.0,0
29,2021-09-30 21:59:39,Muito bom cumpre os requisitos üòÅ,4,3.0.0,0
30,2021-09-30 21:40:32,reconhecimento facial falhou algumas vezes,4,3.0.0,0
31,2021-09-30 21:38:44,"importante √© pr√°tico, facilita muito...",4,3.0.0,0
32,2021-09-30 21:32:00,espero a funcione,4,3.0.0,0
33,2021-09-30 20:48:29,Bom,4,3.0.0,0
34,2021-09-30 19:55:11,conhecendo o App.,4,3.0.0,0
35,2021-09-30 18:10:02,bom,4,3.0.0,0
36,2021-09-30 17:02:39,top,4,3.0.0,0
37,2021-09-30 16:56:10,ultil,4,3.0.0,0
38,2021-09-30 16:26:03,muito bom,4,3.0.0,0
39,2021-09-30 15:41:00,muito bom,4,3.0.0,0
40,2021-09-30 15:28:50,muito bom!!!,4,3.0.0,0
41,2021-09-30 14:44:04,demorou muito provar que n√£o sou rob√¥,4,3.0.0,0
42,2021-09-30 14:17:30,Iniciando o uso...,4,3.0.0,0
43,2021-09-30 14:16:48,O reconhecimento facial est√° prec√°rio!,4,3.0.0,0
44,2021-09-30 14:08:50,"Bom, mas n√£o inclu√≠ram os outros documentos.",4,3.0.0,0
45,2021-09-30 13:17:21,show,4,3.0.0,0
46,2021-09-30 12:28:10,"N√£o consigo fazer reconhecimento facial para subir de n√≠vel, j√° tentei v√°rias vezes. Tenho CNH com foto, T√≠tulo de Eleitor com foto capturada . O que mais posso fazer para subir n√≠vel prata? ü•∫",4,3.0.0,0
47,2021-09-30 12:14:45,tive muita dificuldade em validar o reconhecimento facial,4,3.0.0,0
48,2021-09-30 11:20:31,sem problemas,4,3.0.0,0
49,2021-09-30 10:56:44,muito bom,4,3.0.0,0
50,2021-09-30 10:25:59,ok,4,3.0.0,0
51,2021-09-30 09:53:18,"manda tentar mais tarde,diversas vezes",4,3.0.0,0
52,2021-09-30 01:18:20,bom,4,3.0.0,0
53,2021-09-29 23:37:04,"muito bom, Esta o d parab√©ns pelo desenvolvimento deste aplicativo...",4,3.0.0,0
54,2021-09-29 21:38:57,√≥timo,4,3.0.0,0
55,2021-09-29 21:11:11,muito bom,4,3.0.0,0
56,2021-09-29 20:50:32,bom,4,3.0.0,0
57,2021-09-29 20:40:52,muito bom!,4,3.0.0,0
58,2021-09-29 18:34:56,√ìtimo,4,3.0.0,0
59,2021-09-29 17:56:21,√≥timo,4,3.0.0,0
60,2021-09-29 17:39:27,bom,4,3.0.0,0
61,2021-09-29 17:23:22,Esta muito bom! este servi√ßo online,4,3.0.0,0
62,2021-09-29 15:59:22,regular,4,3.0.0,0
63,2021-09-29 15:23:40,muito bom gostei,4,3.0.0,0
64,2021-09-29 14:01:10,bom,4,3.0.0,0
66,2021-09-29 13:40:49,"acho complicado para pessoas leigas, para chegar de forma r√°pida ao que se desejamos.",4,3.0.0,0
67,2021-09-29 13:36:35,üëç,4,3.0.0,0
68,2021-09-29 13:30:20,otimo app,4,3.0.0,0
69,2021-09-29 12:46:16,muito bom,4,3.0.0,0
70,2021-09-29 11:56:24,Bom,4,2.2.0,0
71,2021-09-29 11:35:33,leitura dif√≠cil,4,3.0.0,0
72,2021-09-29 11:20:34,muito util,4,3.0.0,0
73,2021-09-29 10:46:30,inteirando,4,3.0.0,0
74,2021-09-29 10:20:04,"Muito bom, agilidade e desburocratiza√ß√£o",4,3.0.0,0
75,2021-09-29 10:02:51,mais seguro,4,3.0.0,0
76,2021-09-29 09:22:21,bom,4,3.0.0,0
77,2021-09-29 09:03:29,√≥timo,4,3.0.0,0
78,2021-09-29 08:35:48,N√£o consigo instalar de jeito nenhum,4,3.0.0,0
79,2021-09-29 08:08:24,"A ideia √© boa APP est√° melhorando, s√≥ acho que faltou o t√≠tulo eleitoral, carteira de trabalho e dados previdenci√°rios. Mas de qualquer forma j√° est√£o de parab√©ns. Continue melhorando!!!",4,3.0.0,0
80,2021-09-29 06:50:07,N√£o estou conseguindo desbloquear empr√©stimo consignado.,4,3.0.0,0
81,2021-09-29 02:41:33,so n√£o dou 5 estrelas pq o acesso √© muito lento. mais al√©m disso o atendimento √© otimo,4,3.0.0,0
82,2021-09-29 00:09:28,"Sempre tem o que melhorar, mas s√≥ o fato de ter digitalizado alguma servi√ßos estou achando excepcional.",4,3.0.0,0
83,2021-09-28 22:37:49,boa,4,3.0.0,0
84,2021-09-28 22:16:33,otimo,4,3.0.0,0
85,2021-09-28 21:32:21,Peefeito,4,3.0.0,0
86,2021-09-28 20:36:16,r√°pido e pr√°tico!,4,3.0.0,0
87,2021-09-28 20:25:49,√≥timo,4,3.0.0,0
88,2021-09-28 18:14:39,Funciona bem se n√£o habilitar a leitura biom√©trica.,4,3.0.0,0
89,2021-09-28 16:31:19,Precisa melhorar muito,4,3.0.0,0
90,2021-09-28 15:41:01,NOT 10AINDA NAO CONSEGUIONDE QUER,4,3.0.0,0
91,2021-09-28 14:50:21,dif√≠cil reconhecer rosto,4,3.0.0,0
92,2021-09-28 14:41:37,Bom,4,3.0.0,0
93,2021-09-28 14:07:44,"Perdi tempo ao tentar identifica√ß√£o facial , muito dif√≠cil. Tenho que manter a nota , porque com o acesso (bronze ) n√£o tenho acesso a nenhum servi√ßo , pelo que me parece.",4,3.0.0,0
94,2021-09-28 14:00:22,t√¥ acessando pela primeira vez,4,3.0.0,0
95,2021-09-28 12:04:07,muinto bom,4,3.0.0,0
96,2021-09-28 11:23:18,muito importante este app,4,3.0.0,0
97,2021-09-28 11:08:36,boa,4,3.0.0,0
98,2021-09-28 11:03:36,bom f√°cil de usar,4,3.0.0,0
99,2021-09-28 10:43:09,bom,4,3.0.0,0
100,2021-09-28 10:30:20,Achei seguro,4,3.0.0,0
101,2021-09-28 10:24:57,deu certo recuperar minha senha muito bom,4,3.0.0,0
103,2021-09-28 09:26:02,facil,4,3.0.0,0
104,2021-09-28 09:09:33,poderia por um app de celular para ficar mais f√°cil,4,3.0.0,0
105,2021-09-28 08:52:26,bom,4,3.0.0,0
106,2021-09-28 08:42:32,otimo,4,3.0.0,0
107,2021-09-28 08:37:37,bom,4,3.0.0,0
108,2021-09-28 01:20:01,bom,4,3.0.0,0
109,2021-09-27 22:57:04,"Achei √≥timo essa nova vers√£o, mas com rela√ß√£o a ""prova de vida"",n√£o consigo realizar! Basta j√° ter acesso ao APP que j√° significa que a prova de vida foi realizada?",4,3.0.0,0
110,2021-09-27 21:34:40,"muito bom,Gosteiüëèüëèüëè",4,3.0.0,0
111,2021-09-27 20:59:09,muito bom,4,3.0.0,0
112,2021-09-27 20:07:33,Bom.,4,3.0.0,0
113,2021-09-27 20:02:05,Sinto dificuldade de fazer esse cadastro.,4,3.0.0,0
114,2021-09-27 20:01:02,O app e a ideia √© muito boa. S√≥ falta ter o RG digital e adicionar o T√≠tulo Eleitoral. Pra RG puxar o banco de dados da SSP e para os usu√°rios que ainda n√£o tem carteira de motorista ter o RG do banco de dados do DETRAN.,4,3.0.0,0
115,2021-09-27 18:00:40,Muito bom recomendo a todos,4,3.0.0,0
116,2021-09-27 17:39:35,importante mesmo,4,3.0.0,0
117,2021-09-27 17:13:10,"da umas travadinhas de vez enquanto, mais n√≥s dar as informa√ß√µes corretas.",4,3.0.0,0
118,2021-09-27 17:01:36,"vou usar primeiro, gostando dou 5 üåü",4,3.0.0,0
119,2021-09-27 16:46:46,bom,4,3.0.0,0
120,2021-09-27 16:13:33,boa,4,3.0.0,0
121,2021-09-27 15:21:49,Bom,4,3.0.0,0
122,2021-09-27 15:17:34,√≥timo üëç,4,3.0.0,0
123,2021-09-27 14:27:15,bom,4,3.0.0,0
124,2021-09-27 13:12:35,Facilita muito pra gente!,4,3.0.0,0
125,2021-09-27 12:33:17,bom,4,3.0.0,0
126,2021-09-27 12:22:27,"Adorei a facilidade de usar o app do Cel, por√©m n√£o √© f√°cil de usar.",4,3.0.0,0
127,2021-09-27 11:59:21,bom,4,3.0.0,0
128,2021-09-27 10:51:51,bom,4,3.0.0,0
129,2021-09-27 10:37:04,muito dif√≠cil abrir mais conseguir,4,3.0.0,0
130,2021-09-27 09:28:38,amei,4,3.0.0,0
131,2021-09-27 09:04:37,otimo,4,3.0.0,0
132,2021-09-27 09:02:39,varias tentativas,4,3.0.0,0
133,2021-09-27 08:59:12,"Apenas n√£o funciona. Ningu√©m sabe de onde ele coleta as informa√ß√µes para fazer o cadastro. Porem diz que eu n√£o sou eu. Assim como quase tudo do governo. P√©ssimo * Atualiza√ß√£o: Falta informa√ß√µes de ajuda, e forma de funcionamento facilitada. depois de ter resposta por aqui, conseguimos fazer o reconhecimento facial. n√£o √© intuitivo. melhorou mas falta um pouco!",4,3.0.0,88
134,2021-09-27 01:18:35,Exelente.,4,3.0.0,0
135,2021-09-27 00:31:19,muito complicado pra acessar teria que ser mais pr√°tico,4,3.0.0,0
136,2021-09-26 23:30:30,"aparentemente √© assim que caminha a burocracia da cidadania, ent√£o que nos atualizemos. S√≥ espero que n√£o ocorra erros frequentes...",4,3.0.0,0
137,2021-09-26 23:19:22,muito bom,4,3.0.0,0
138,2021-09-26 20:17:33,üëç,4,3.0.0,0
139,2021-09-26 20:16:38,legal,4,3.0.0,0
140,2021-09-26 20:12:04,√≥timo,4,3.0.0,0
141,2021-09-26 19:23:57,show,4,3.0.0,0
142,2021-09-26 16:26:31,"Gostaria de saber como fazer o reconhecimento facial. Praticamente imposs√≠vel. Nunca d√° certo, mesmo seguindo as instru√ß√µes, mesmo trocando de celular. Fora isso, √© bom.",4,3.0.0,0
143,2021-09-26 15:00:36,nem uma,4,3.0.0,0
144,2021-09-26 14:23:43,√≥timo,4,3.0.0,0
145,2021-09-26 14:03:29,"Ola me chamo Bruno eu to no gob.br atualizei o endere√ßo e no app e nao fica mostrando o endere√ßo que eu coloquei, tenho o print mais aque nao ta dando pra colocar. Uma bom domingo e ottima semanaüñ§",4,3.0.0,0
146,2021-09-26 13:11:52,pr√°tico e confi√°vel,4,3.0.0,0
147,2021-09-26 11:15:46,bom,4,3.0.0,0
148,2021-09-26 11:08:42,"Primeiro acesso, espero q seja bom o app.",4,3.0.0,0
149,2021-09-26 10:37:14,bom eu achei f√°cil,4,3.0.0,0
150,2021-09-25 21:40:59,"agrade√ßo muito, sempre que preciso resolver o problema d√° certo obrigado",4,3.0.0,0
152,2021-09-25 19:58:53,ok,4,3.0.0,0
153,2021-09-25 19:42:44,√≥timo aplicativo,4,3.0.0,0
154,2021-09-25 16:56:42,At√© que √© bom,4,3.0.0,0
155,2021-09-25 16:14:30,boa,4,3.0.0,0
156,2021-09-25 15:07:59,bom,4,3.0.0,0
157,2021-09-25 15:07:13,√≥timo,4,3.0.0,0
158,2021-09-25 14:15:04,muito bom o aplicativo,4,3.0.0,0
159,2021-09-25 14:14:56,Otavio brito Estou com problemas para logar no aplicativo. No ultimo acesso configurei acesso em 02 fatores. Porem nao esta chegando o SMS. Ficando desta forma sem conseguir logar. Como fa√ßo para resolver isso?,4,3.0.0,0
160,2021-09-25 11:20:59,excelente aplicativo,4,3.0.0,0
161,2021-09-25 10:59:18,√≥timo aplicativo para consultas eu recomendo,4,3.0.0,0
162,2021-09-25 07:36:34,bom,4,3.0.0,0
163,2021-09-25 06:58:43,bem acess√≠vel !,4,3.0.0,0
164,2021-09-25 06:34:49,Para dar nota m√°xima falta disponibilizar identidade e t√≠tulo de eleitor,4,3.0.0,0
165,2021-09-24 23:39:39,Resolvido problema de acesso. Grato,4,3.0.0,0
166,2021-09-24 22:05:56,Muito bom este trabalho neste app,4,2.2.0,0
167,2021-09-24 21:28:47,Muito bom app!,4,3.0.0,0
169,2021-09-24 20:31:59,app bom,4,3.0.0,0
170,2021-09-24 19:45:15,bom,4,3.0.0,0
171,2021-09-24 19:42:28,muito bommmm,4,3.0.0,0
172,2021-09-24 19:35:58,excelente,4,3.0.0,0
173,2021-09-24 19:01:10,bom,4,3.0.0,0
174,2021-09-24 18:54:30,bom legal,4,3.0.0,0
175,2021-09-24 18:41:38,muito bom,4,3.0.0,0
176,2021-09-24 18:20:11,aplicativo com boa qualidade,4,3.0.0,0
177,2021-09-24 17:41:37,bom,4,3.0.0,0
178,2021-09-24 17:27:20,"A captura de imagem do cadastro √© orrivel e √± funciona por√©m, √± espero que um cadastro deste seja facil.",4,3.0.0,0
179,2021-09-24 16:56:15,bom,4,3.0.0,0
180,2021-09-24 16:44:35,"Muito bom, mas o Governo deveria ter um App s√≥ centralizado. Tenho 1 pra CNH, 1 para t√≠tulo de eleitor, 1 para SUS, 1 para INSS, e agora 1 para login. Pelo menos os documentais seria bom centralizar (SUS faz sentido separar)",4,3.0.0,0
181,2021-09-24 15:56:50,Muito bom,4,3.0.0,0
182,2021-09-24 15:30:35,muito bom,4,3.0.0,0
183,2021-09-24 15:22:58,bom,4,3.0.0,0
184,2021-09-24 15:13:00,bom,4,3.0.0,0
185,2021-09-24 14:25:57,bom,4,3.0.0,0
186,2021-09-24 14:16:15,"√≥timo aplicativo, eu recomendo",4,3.0.0,0
187,2021-09-24 13:28:03,bom app,4,3.0.0,0
188,2021-09-24 12:49:15,R√°pido e f√°cil de usar,4,3.0.0,0
189,2021-09-24 12:14:31,ok,4,3.0.0,0
190,2021-09-24 12:01:53,regular ruim,4,3.0.0,0
191,2021-09-24 11:26:12,otimo,4,3.0.0,0
192,2021-09-24 10:45:27,O programa talvez seja complicado para senhoras e senhores de idade avan√ßada. poderia ser mais simples.,4,3.0.0,0
193,2021-09-24 02:38:52,bom,4,3.0.0,0
194,2021-09-24 01:28:20,bom,4,3.0.0,0
195,2021-09-24 00:08:40,üëç,4,3.0.0,0
196,2021-09-23 23:06:27,trava um pouco,4,3.0.0,0
197,2021-09-23 21:14:01,"√ìtima, maravilhosa",4,3.0.0,0
198,2021-09-23 20:07:27,bem tranquilousar o aplicativo,4,3.0.0,0
199,2021-09-23 19:50:12,bom,4,3.0.0,0
0,2021-10-02 14:01:42,top,5,3.0.0,0
1,2021-10-02 13:44:25,aplicativo muito √∫til,5,3.0.0,0
2,2021-10-02 13:27:56,muito bom,5,3.0.0,0
3,2021-10-02 13:24:00,top,5,3.0.0,0
5,2021-10-02 13:08:06,muito bom,5,3.0.0,0
6,2021-10-02 13:02:10,Boa,5,3.0.0,0
7,2021-10-02 13:01:51,muito bom,5,3.0.0,0
8,2021-10-02 12:41:56,Excelente aplicativo,5,3.0.0,0
9,2021-10-02 12:37:48,ok,5,3.0.0,0
11,2021-10-02 12:29:40,√≥timo,5,3.0.0,0
12,2021-10-02 11:59:56,Excelente!!!,5,3.0.0,0
13,2021-10-02 11:49:08,"excelente! eu indico, pr√°tico, seguro, √© uma ferramenta eficaz.",5,3.0.0,0
14,2021-10-02 11:41:43,√≥timo,5,3.0.0,0
15,2021-10-02 11:30:27,bom,5,3.0.0,0
17,2021-10-02 10:46:47,√≥timo.,5,3.0.0,0
18,2021-10-02 10:46:13,muito bom,5,3.0.0,0
19,2021-10-02 10:34:00,muito bom,5,3.0.0,0
20,2021-10-02 10:17:18,√≥timo,5,3.0.0,0
21,2021-10-02 10:16:23,√≥timo,5,3.0.0,0
22,2021-10-02 10:13:05,muito bom,5,3.0.0,0
23,2021-10-02 10:10:29,√ìtimo muito bom exelente,5,2.2.0,0
24,2021-10-02 09:56:15,excelente,5,3.0.0,0
25,2021-10-02 09:55:39,Otimo,5,3.0.0,0
26,2021-10-02 09:43:10,bom,5,3.0.0,0
27,2021-10-02 09:40:39,Ecelente.,5,3.0.0,0
28,2021-10-02 09:37:48,muito bom,5,3.0.0,0
29,2021-10-02 09:34:15,a princ√≠pio est√° funcionando bem!!,5,3.0.0,0
30,2021-10-02 09:29:50,legal,5,3.0.0,0
31,2021-10-02 09:26:19,√≥tima op√ß√£o,5,3.0.0,0
32,2021-10-02 09:21:31,√≥timo,5,3.0.0,0
33,2021-10-02 09:01:51,top gostei,5,3.0.0,0
34,2021-10-02 08:58:03,muito bom,5,3.0.0,0
35,2021-10-02 08:50:27,bom,5,3.0.0,0
36,2021-10-02 08:30:52,"Aplicativo muito bom. Alguns reclamam da complexidade do cadastro mas entendo que √© condizente com a quantidade de dados que a plataforma disp√µe. Aplicativo funcional, r√°pido, intuitivo e bem completo.",5,3.0.0,0
37,2021-10-02 08:20:52,Muito bom,5,3.0.0,0
38,2021-10-02 08:15:12,"Consegui, o aplicativo funciona perfeitamente e minha conta √© ouro com todas as confirma√ß√µes necess√°rias. Agora o que parou de funcionar e j√° faz meses foi o aplicativo Meu INSS e sem ele √© imposs√≠vel fazer prova de vida pelo gov.br.",5,3.0.0,0
39,2021-10-02 06:22:33,excelente,5,3.0.0,0
40,2021-10-02 04:35:04,muito bom,5,3.0.0,0
41,2021-10-02 01:19:13,parece ser bom,5,3.0.0,0
42,2021-10-02 00:50:46,estou gastando muito do app muito bom,5,3.0.0,0
43,2021-10-02 00:43:40,√≥timo,5,3.0.0,0
44,2021-10-02 00:38:25,Aplicativo funcionando bem depois das atualiza√ß√µes,5,3.0.0,0
45,2021-10-02 00:32:23,muito pr√°tico!,5,3.0.0,0
46,2021-10-01 23:59:38,bom,5,3.0.0,0
47,2021-10-01 23:31:02,Aplicativo perfeito.,5,3.0.0,0
48,2021-10-01 23:13:27,√≥timo app,5,3.0.0,0
49,2021-10-01 23:05:50,Suficiente,5,3.0.0,0
50,2021-10-01 22:59:09,excelente.,5,3.0.0,0
51,2021-10-01 22:53:29,Bom mail n√£o tenho vinco com esse app,5,3.0.0,0
52,2021-10-01 22:39:13,muito bom,5,3.0.0,0
53,2021-10-01 22:24:21,muito bom satisfeito,5,3.0.0,0
54,2021-10-01 22:08:57,s√≥ fico apreensiva em se tratar de v√°rias informa√ß√µes juntas no mesmo app. significamente avulso.,5,3.0.0,0
55,2021-10-01 22:02:48,"Eu preciso declarar que eu baixei o APP, instalei e nunca tive peoblema algum, j√° precisei recadastrar a senha e foi super simples de na hora, al√©m de acessar todos os APP relacionados, como INSS, Bolsa Fam√≠lia, Cadunico, pelo GOV.BR. Pra mim muito √∫til.",5,3.0.0,0
56,2021-10-01 22:00:36,√ìtimo,5,3.0.0,0
57,2021-10-01 21:47:07,muito bom,5,3.0.0,0
58,2021-10-01 21:38:00,Muito √∫til.,5,3.0.0,0
59,2021-10-01 21:04:10,bom,5,3.0.0,0
60,2021-10-01 21:03:44,excelente s√≥ tem que pedir fotos do nosso documento e do rosto pra nossa seguran√ßa,5,3.0.0,0
61,2021-10-01 21:00:53,"acabei de baixa minha conta ,e achei muito bom ,parab√©ns pelo maravilhoso app",5,3.0.0,0
62,2021-10-01 20:11:43,Muito bom mas pratico,5,3.0.0,0
63,2021-10-01 19:49:52,bom,5,3.0.0,0
64,2021-10-01 19:34:46,otimo,5,3.0.0,0
65,2021-10-01 19:24:38,satisfeito com a seguran√ßa,5,3.0.0,0
66,2021-10-01 19:21:57,muito bom,5,3.0.0,0
67,2021-10-01 19:19:33,at√© agora bem intuitivo,5,3.0.0,0
68,2021-10-01 19:11:43,"foi demorado mas consegui, o aplicativo √© bom.",5,3.0.0,0
69,2021-10-01 18:54:46,√≥tima,5,3.0.0,0
70,2021-10-01 18:44:32,Aplicativo muito util e f√°cil de usar,5,3.0.0,0
71,2021-10-01 17:54:26,Informacoes Pessoa Fisica Pessoa juridica,5,2.1.5,0
72,2021-10-01 17:54:14,Bom,5,3.0.0,0
73,2021-10-01 17:24:06,satisfeito,5,3.0.0,0
74,2021-10-01 17:09:31,bom,5,3.0.0,0
75,2021-10-01 16:45:51,muito bom,5,3.0.0,0
76,2021-10-01 16:40:09,N√£o gostei sistema. confuso,5,3.0.0,0
77,2021-10-01 16:34:16,ok show,5,3.0.0,0
78,2021-10-01 16:26:33,bom,5,3.0.0,0
79,2021-10-01 16:24:07,muito bom obrigado,5,3.0.0,0
80,2021-10-01 16:23:19,muito bom,5,3.0.0,0
81,2021-10-01 16:14:54,muito bom!,5,3.0.0,0
82,2021-10-01 16:14:13,"Esse aplicativo √© bastante simples para atualizar ou trocar senha, amei.",5,3.0.0,0
84,2021-10-01 15:59:27,√≥timo,5,3.0.0,0
85,2021-10-01 15:43:07,muito bom!,5,3.0.0,0
86,2021-10-01 15:18:58,muito bom,5,3.0.0,0
87,2021-10-01 15:13:27,otimo,5,3.0.0,0
88,2021-10-01 15:12:09,Est√° √≥timo,5,3.0.0,0
89,2021-10-01 15:11:45,est√°vel,5,3.0.0,0
90,2021-10-01 15:10:39,parab√©ns,5,3.0.0,0
91,2021-10-01 15:07:23,Boa Experi√™ncia,5,3.0.0,0
92,2021-10-01 15:04:32,muito bom,5,3.0.0,0
93,2021-10-01 15:00:17,Excelente,5,3.0.0,0
94,2021-10-01 14:58:06,top,5,3.0.0,0
95,2021-10-01 14:57:42,muito bom o App,5,3.0.0,0
96,2021-10-01 14:57:40,muito bom üëç,5,3.0.0,0
97,2021-10-01 14:53:32,√ìtimo aplicativo.,5,3.0.0,0
98,2021-10-01 14:50:54,"show, muito bom",5,3.0.0,0
99,2021-10-01 14:37:53,Otimo,5,3.0.0,0
100,2021-10-01 14:30:46,top,5,3.0.0,0
101,2021-10-01 14:26:14,muito bom,5,3.0.0,0
102,2021-10-01 14:22:32,muito bom,5,3.0.0,0
103,2021-10-01 14:21:52,otimo,5,3.0.0,0
104,2021-10-01 14:07:50,foi impressionantemente f√°cil.,5,3.0.0,0
105,2021-10-01 14:04:08,√≥timo,5,3.0.0,0
106,2021-10-01 14:02:03,bom,5,3.0.0,0
107,2021-10-01 14:01:49,otima excelentes,5,3.0.0,0
108,2021-10-01 13:56:31,"At√© agora, achei simple e claro, as quest√µes.",5,3.0.0,0
109,2021-10-01 13:55:05,muito bom,5,3.0.0,0
110,2021-10-01 13:52:43,vamos ver.,5,3.0.0,0
111,2021-10-01 13:45:39,otimo,5,3.0.0,0
112,2021-10-01 13:34:35,√≥timo trabalho,5,3.0.0,0
113,2021-10-01 13:26:54,√≥timo,5,3.0.0,0
114,2021-10-01 13:15:23,mix,5,3.0.0,0
115,2021-10-01 13:15:13,√≥timo,5,3.0.0,0
116,2021-10-01 13:00:33,√≥timo,5,3.0.0,0
117,2021-10-01 12:49:37,"Muito bom, excelente!",5,3.0.0,0
118,2021-10-01 12:26:16,otimo,5,3.0.0,0
119,2021-10-01 12:25:09,boa,5,3.0.0,0
120,2021-10-01 12:20:48,me ajuda mt,5,3.0.0,0
121,2021-10-01 12:10:20,bom,5,3.0.0,0
122,2021-10-01 11:56:18,muito bom,5,3.0.0,0
123,2021-10-01 11:56:10,otimo,5,3.0.0,0
124,2021-10-01 11:52:40,muito bom,5,3.0.0,0
125,2021-10-01 11:48:08,"at√© o momento, tudo ok",5,3.0.0,0
126,2021-10-01 11:46:08,bom,5,3.0.0,0
127,2021-10-01 11:44:33,como √© maravilhoso vc fazer tudo pelo celular. Parab√©ns a todos.,5,3.0.0,0
128,2021-10-01 11:33:12,exelente,5,3.0.0,0
129,2021-10-01 11:27:24,bom,5,3.0.0,0
130,2021-10-01 11:26:48,otimo,5,3.0.0,0
131,2021-10-01 11:22:24,muito bom,5,3.0.0,0
132,2021-10-01 11:14:48,√≥tima,5,3.0.0,0
133,2021-10-01 11:04:52,muito bom esse app,5,3.0.0,0
134,2021-10-01 11:03:42,otimo,5,3.0.0,0
135,2021-10-01 11:01:03,"De in√≠cio, deu muito trabalho pra fazer o reconhecimento facial.",5,3.0.0,0
136,2021-10-01 10:48:00,Muito bom o atendimento,5,3.0.0,0
138,2021-10-01 10:39:30,ok,5,3.0.0,0
139,2021-10-01 10:15:21,maravilha,5,3.0.0,0
140,2021-10-01 10:07:25,√≥tima,5,3.0.0,0
141,2021-10-01 10:01:11,muito bom.,5,3.0.0,0
142,2021-10-01 09:49:08,Resolve o prop√≥sito,5,3.0.0,0
143,2021-10-01 09:32:37,EXCELENTE,5,3.0.0,0
144,2021-10-01 09:26:00,espero que seja de grande utilidade,5,3.0.0,0
145,2021-10-01 09:22:22,√°gil e pr√°tico,5,3.0.0,0
146,2021-10-01 09:19:39,üíª‚úÖ,5,3.0.0,0
147,2021-10-01 09:15:21,√ìtimo,5,2.1.6,0
148,2021-10-01 09:13:42,muita praticidade,5,3.0.0,0
149,2021-10-01 09:10:34,otimo,5,3.0.0,0
150,2021-10-01 08:54:44,pratico,5,3.0.0,0
151,2021-10-01 08:36:21,ok,5,3.0.0,0
152,2021-10-01 08:34:45,facilitando t√° valendo,5,3.0.0,0
153,2021-10-01 08:27:27,Show!!!,5,3.0.0,0
154,2021-10-01 08:23:03,muito bom,5,3.0.0,0
155,2021-10-01 07:49:37,muito bom,5,3.0.0,0
156,2021-10-01 04:41:08,muito bom rezolve os pobrema que voc√™ precisa,5,3.0.0,0
157,2021-10-01 03:32:38,ok gostei,5,3.0.0,0
158,2021-10-01 01:33:25,"muito bom, recomendo",5,3.0.0,0
159,2021-10-01 00:49:22,√ìtimo site Muito bom,5,3.0.0,0
160,2021-10-01 00:42:17,muito bom,5,3.0.0,0
161,2021-10-01 00:29:31,bom,5,3.0.0,0
162,2021-10-01 00:08:52,√≥timo,5,3.0.0,0
163,2021-10-01 00:00:42,pr√°tico,5,3.0.0,0
164,2021-09-30 23:51:20,bom,5,3.0.0,0
165,2021-09-30 23:32:41,√ìtimo e bem seguro!,5,3.0.0,0
166,2021-09-30 23:17:31,Bom aplicativo,5,3.0.0,0
167,2021-09-30 23:01:42,show de bola,5,3.0.0,0
168,2021-09-30 22:55:16,bom,5,3.0.0,0
169,2021-09-30 22:49:20,gostei üëç,5,3.0.0,0
170,2021-09-30 22:49:09,Bom trabalho!,5,3.0.0,0
171,2021-09-30 22:38:02,"solicitei uma troca de email, e, consegui, inacredit√°vel. fc.!!!!",5,3.0.0,0
172,2021-09-30 22:31:00,bom,5,3.0.0,0
173,2021-09-30 22:29:26,top,5,3.0.0,0
174,2021-09-30 22:17:37,"N√£o h√° meios de realizar o reconhecimento facial, j√° tentei de tudo, cansei de tanto tentar.",5,3.0.0,0
175,2021-09-30 22:10:56,otimo,5,3.0.0,0
176,2021-09-30 21:59:10,Show!!,5,3.0.0,0
177,2021-09-30 21:46:37,super recomendo,5,3.0.0,0
178,2021-09-30 21:38:02,bom,5,3.0.0,0
179,2021-09-30 21:37:32,b bom,5,3.0.0,0
180,2021-09-30 21:33:57,excelente,5,3.0.0,0
181,2021-09-30 21:30:05,bom,5,3.0.0,0
182,2021-09-30 21:28:39,√ötil e pr√°tico,5,3.0.0,0
183,2021-09-30 21:26:51,√ötil.,5,2.1.9,0
184,2021-09-30 21:23:42,excelente,5,3.0.0,0
185,2021-09-30 21:19:59,excelente,5,3.0.0,0
186,2021-09-30 21:18:40,top,5,3.0.0,0
187,2021-09-30 21:03:44,"Bom, tem futuro, vai melhorando...",5,3.0.0,0
189,2021-09-30 20:55:49,Bom,5,3.0.0,0
190,2021-09-30 20:53:34,Bom,5,3.0.0,0
191,2021-09-30 20:40:59,bom,5,3.0.0,0
192,2021-09-30 20:31:53,muito bom aplicativo,5,3.0.0,0
193,2021-09-30 20:29:11,top,5,3.0.0,0
195,2021-09-30 20:05:25,legal,5,3.0.0,0
196,2021-09-30 19:56:32,Muito bom,5,3.0.0,0
197,2021-09-30 19:51:20,√≥timo,5,3.0.0,0
198,2021-09-30 19:45:23,amei,5,3.0.0,0
199,2021-09-30 19:39:39,muito bom,5,3.0.0,0
